Date,Month,Year,Close,Open,High,Low,Change %
24,11,2009,3.652,3.652,3.652,3.652,-0.35
23,11,2009,3.665,3.665,3.665,3.665,0.69
20,11,2009,3.640,3.640,3.640,3.640,-0.52
19,11,2009,3.659,3.659,3.659,3.659,-0.52
18,11,2009,3.678,3.678,3.678,3.678,0.44
17,11,2009,3.662,3.662,3.662,3.662,-2.14
16,11,2009,3.742,3.742,3.742,3.742,-1.34
13,11,2009,3.793,3.793,3.793,3.793,0.34
12,11,2009,3.780,3.780,3.780,3.780,0.61
11,11,2009,3.757,3.757,3.757,3.757,-0.84
10,11,2009,3.789,3.789,3.789,3.789,-1.20
09,11,2009,3.835,3.835,3.835,3.835,-1.34
06,11,2009,3.887,3.887,3.887,3.887,0.86
05,11,2009,3.854,3.854,3.854,3.854,1.69
04,11,2009,3.790,3.790,3.790,3.790,1.91
03,11,2009,3.719,3.719,3.719,3.719,1.61
02,11,2009,3.660,3.660,3.660,3.660,1.33
30,10,2009,3.612,3.612,3.612,3.612,-1.74
29,10,2009,3.676,3.676,3.676,3.676,1.80
28,10,2009,3.611,3.611,3.611,3.611,-0.11
27,10,2009,3.615,3.615,3.615,3.615,-2.22
26,10,2009,3.697,3.697,3.697,3.697,0.38
23,10,2009,3.683,3.683,3.683,3.683,-0.70
22,10,2009,3.709,3.709,3.709,3.709,-0.13
21,10,2009,3.714,3.714,3.714,3.714,4.89
20,10,2009,3.541,3.541,3.541,3.541,-1.45
19,10,2009,3.593,3.593,3.593,3.593,-0.44
16,10,2009,3.609,3.609,3.609,3.609,1.18
15,10,2009,3.567,3.567,3.567,3.567,1.74
14,10,2009,3.506,3.506,3.506,3.506,3.21
13,10,2009,3.397,3.397,3.397,3.397,0.56
12,10,2009,3.378,3.378,3.378,3.378,-2.00
09,10,2009,3.447,3.447,3.447,3.447,2.77
08,10,2009,3.354,3.354,3.354,3.354,-0.62
07,10,2009,3.375,3.375,3.375,3.375,-0.88
06,10,2009,3.405,3.405,3.405,3.405,0.32
05,10,2009,3.394,3.394,3.394,3.394,-0.85
02,10,2009,3.423,3.423,3.423,3.423,-1.47
01,10,2009,3.474,3.474,3.474,3.474,-3.29
30,09,2009,3.592,3.592,3.592,3.592,-0.31
29,09,2009,3.603,3.603,3.603,3.603,-0.58
28,09,2009,3.624,3.624,3.624,3.624,0.83
25,09,2009,3.594,3.594,3.594,3.594,-2.76
24,09,2009,3.696,3.696,3.696,3.696,-1.31
23,09,2009,3.745,3.745,3.745,3.745,-0.48
22,09,2009,3.763,3.763,3.763,3.763,0.61
21,09,2009,3.740,3.740,3.740,3.740,-0.03
18,09,2009,3.741,3.741,3.741,3.741,0.59
17,09,2009,3.719,3.719,3.719,3.719,1.09
16,09,2009,3.679,3.679,3.679,3.679,1.97
15,09,2009,3.608,3.608,3.608,3.608,0.11
14,09,2009,3.604,3.604,3.604,3.604,0.11
11,09,2009,3.600,3.600,3.600,3.600,-1.96
10,09,2009,3.672,3.672,3.672,3.672,-2.31
09,09,2009,3.759,3.759,3.759,3.759,2.17
08,09,2009,3.679,3.679,3.679,3.679,1.24
07,09,2009,3.634,3.634,3.634,3.634,0.08
04,09,2009,3.631,3.631,3.631,3.631,1.23
03,09,2009,3.587,3.587,3.587,3.587,1.36
02,09,2009,3.539,3.539,3.539,3.539,-0.17
01,09,2009,3.545,3.545,3.545,3.545,0.00
28,08,2009,3.545,3.545,3.545,3.545,-0.20
27,08,2009,3.552,3.552,3.552,3.552,0.06
26,08,2009,3.550,3.550,3.550,3.550,-0.14
25,08,2009,3.555,3.555,3.555,3.555,-1.93
24,08,2009,3.625,3.625,3.625,3.625,-0.14
21,08,2009,3.630,3.630,3.630,3.630,0.95
20,08,2009,3.596,3.596,3.596,3.596,-0.06
19,08,2009,3.598,3.598,3.598,3.598,-1.53
18,08,2009,3.654,3.654,3.654,3.654,1.27
17,08,2009,3.608,3.608,3.608,3.608,-2.17
14,08,2009,3.688,3.688,3.688,3.688,-2.28
13,08,2009,3.774,3.774,3.774,3.774,-0.29
12,08,2009,3.785,3.785,3.785,3.785,-0.55
11,08,2009,3.806,3.806,3.806,3.806,0.98
10,08,2009,3.769,3.769,3.769,3.769,-0.95
07,08,2009,3.805,3.805,3.805,3.805,2.09
06,08,2009,3.727,3.727,3.727,3.727,-2.41
05,08,2009,3.819,3.819,3.819,3.819,-0.88
04,08,2009,3.853,3.853,3.853,3.853,-0.57
03,08,2009,3.875,3.875,3.875,3.875,2.00
31,07,2009,3.799,3.799,3.799,3.799,-3.43
30,07,2009,3.934,3.934,3.934,3.934,-0.46
29,07,2009,3.952,3.952,3.952,3.952,0.69
28,07,2009,3.925,3.925,3.925,3.925,-1.13
27,07,2009,3.970,3.970,3.970,3.970,0.23
24,07,2009,3.961,3.961,3.961,3.961,-0.13
23,07,2009,3.966,3.966,3.966,3.966,2.91
22,07,2009,3.854,3.854,3.854,3.854,2.09
21,07,2009,3.775,3.775,3.775,3.775,-1.28
20,07,2009,3.824,3.824,3.824,3.824,0.16
17,07,2009,3.818,3.818,3.818,3.818,1.76
16,07,2009,3.752,3.752,3.752,3.752,-1.11
15,07,2009,3.794,3.794,3.794,3.794,1.61
14,07,2009,3.734,3.734,3.734,3.734,2.22
13,07,2009,3.653,3.653,3.653,3.653,-2.40
10,07,2009,3.743,3.743,3.743,3.743,-1.29
09,07,2009,3.792,3.792,3.792,3.792,4.95
08,07,2009,3.613,3.613,3.613,3.613,-1.23
07,07,2009,3.658,3.658,3.658,3.658,-0.35
06,07,2009,3.671,3.671,3.671,3.671,-1.42
03,07,2009,3.724,3.724,3.724,3.724,0.00
02,07,2009,3.724,3.724,3.724,3.724,-1.22
01,07,2009,3.770,3.770,3.770,3.770,2.39
30,06,2009,3.682,3.682,3.682,3.682,2.02
29,06,2009,3.609,3.609,3.609,3.609,-2.38
26,06,2009,3.697,3.697,3.697,3.697,-0.16
25,06,2009,3.703,3.703,3.703,3.703,0.14
24,06,2009,3.698,3.698,3.698,3.698,-1.12
23,06,2009,3.740,3.740,3.740,3.740,0.11
22,06,2009,3.736,3.736,3.736,3.736,-1.81
19,06,2009,3.805,3.805,3.805,3.805,-1.42
18,06,2009,3.860,3.860,3.860,3.860,2.52
17,06,2009,3.765,3.765,3.765,3.765,-3.06
16,06,2009,3.884,3.884,3.884,3.884,0.28
15,06,2009,3.873,3.873,3.873,3.873,-2.62
12,06,2009,3.977,3.977,3.977,3.977,-0.58
11,06,2009,4.000,4.000,4.000,4.000,1.86
10,06,2009,3.927,3.927,3.927,3.927,2.00
09,06,2009,3.850,3.850,3.850,3.850,-0.47
08,06,2009,3.868,3.868,3.868,3.868,-1.25
05,06,2009,3.917,3.917,3.917,3.917,1.98
04,06,2009,3.841,3.841,3.841,3.841,1.78
03,06,2009,3.774,3.774,3.774,3.774,-2.86
02,06,2009,3.885,3.885,3.885,3.885,1.36
01,06,2009,3.833,3.833,3.833,3.833,2.82
29,05,2009,3.728,3.728,3.728,3.728,-1.66
28,05,2009,3.791,3.791,3.791,3.791,1.01
27,05,2009,3.753,3.753,3.753,3.753,1.79
26,05,2009,3.687,3.687,3.687,3.687,-0.99
22,05,2009,3.724,3.724,3.724,3.724,2.03
21,05,2009,3.650,3.650,3.650,3.650,1.93
20,05,2009,3.581,3.581,3.581,3.581,2.61
19,05,2009,3.490,3.490,3.490,3.490,0.17
18,05,2009,3.484,3.484,3.484,3.484,-1.16
15,05,2009,3.525,3.525,3.525,3.525,1.44
14,05,2009,3.475,3.475,3.475,3.475,-0.66
13,05,2009,3.498,3.498,3.498,3.498,-4.14
12,05,2009,3.649,3.649,3.649,3.649,-0.11
11,05,2009,3.653,3.653,3.653,3.653,-2.14
08,05,2009,3.733,3.733,3.733,3.733,1.52
07,05,2009,3.677,3.677,3.677,3.677,1.83
06,05,2009,3.611,3.611,3.611,3.611,1.43
05,05,2009,3.560,3.560,3.560,3.560,0.34
01,05,2009,3.548,3.548,3.548,3.548,1.87
30,04,2009,3.483,3.483,3.483,3.483,0.81
29,04,2009,3.455,3.455,3.455,3.455,-0.03
28,04,2009,3.456,3.456,3.456,3.456,-0.49
27,04,2009,3.473,3.473,3.473,3.473,-0.63
24,04,2009,3.495,3.495,3.495,3.495,-0.85
23,04,2009,3.525,3.525,3.525,3.525,2.80
22,04,2009,3.429,3.429,3.429,3.429,3.25
21,04,2009,3.321,3.321,3.321,3.321,3.36
20,04,2009,3.213,3.213,3.213,3.213,-4.23
17,04,2009,3.355,3.355,3.355,3.355,3.42
16,04,2009,3.244,3.244,3.244,3.244,-0.34
15,04,2009,3.255,3.255,3.255,3.255,1.88
14,04,2009,3.195,3.195,3.195,3.195,-2.77
09,04,2009,3.286,3.286,3.286,3.286,-1.94
08,04,2009,3.351,3.351,3.351,3.351,-2.45
07,04,2009,3.435,3.435,3.435,3.435,0.00
06,04,2009,3.435,3.435,3.435,3.435,0.17
03,04,2009,3.429,3.429,3.429,3.429,1.39
02,04,2009,3.382,3.382,3.382,3.382,8.40
01,04,2009,3.120,3.120,3.120,3.120,-1.17
31,03,2009,3.157,3.157,3.157,3.157,-0.54
30,03,2009,3.174,3.174,3.174,3.174,-3.11
27,03,2009,3.276,3.276,3.276,3.276,-1.09
26,03,2009,3.312,3.312,3.312,3.312,1.25
25,03,2009,3.271,3.271,3.271,3.271,-1.51
24,03,2009,3.321,3.321,3.321,3.321,6.24
23,03,2009,3.126,3.126,3.126,3.126,3.58
20,03,2009,3.018,3.018,3.018,3.018,-0.72
19,03,2009,3.040,3.040,3.040,3.040,-2.06
18,03,2009,3.104,3.104,3.104,3.104,1.67
17,03,2009,3.053,3.053,3.053,3.053,0.93
16,03,2009,3.025,3.025,3.025,3.025,2.79
13,03,2009,2.943,2.943,2.943,2.943,-0.94
12,03,2009,2.971,2.971,2.971,2.971,-3.48
11,03,2009,3.078,3.078,3.078,3.078,-0.87
10,03,2009,3.105,3.105,3.105,3.105,-0.48
09,03,2009,3.120,3.120,3.120,3.120,1.99
06,03,2009,3.059,3.059,3.059,3.059,-6.99
05,03,2009,3.289,3.289,3.289,3.289,-9.52
04,03,2009,3.635,3.635,3.635,3.635,2.48
03,03,2009,3.547,3.547,3.547,3.547,0.06
02,03,2009,3.545,3.545,3.545,3.545,-2.61
27,02,2009,3.640,3.640,3.640,3.640,0.19
26,02,2009,3.633,3.633,3.633,3.633,4.73
25,02,2009,3.469,3.469,3.469,3.469,1.64
24,02,2009,3.413,3.413,3.413,3.413,-1.04
23,02,2009,3.449,3.449,3.449,3.449,1.05
20,02,2009,3.413,3.413,3.413,3.413,-2.26
19,02,2009,3.492,3.492,3.492,3.492,1.96
18,02,2009,3.425,3.425,3.425,3.425,0.09
17,02,2009,3.422,3.422,3.422,3.422,-2.37
16,02,2009,3.505,3.505,3.505,3.505,-1.30
13,02,2009,3.551,3.551,3.551,3.551,2.78
12,02,2009,3.455,3.455,3.455,3.455,1.62
11,02,2009,3.400,3.400,3.400,3.400,-6.57
10,02,2009,3.639,3.639,3.639,3.639,-3.04
09,02,2009,3.753,3.753,3.753,3.753,0.24
06,02,2009,3.744,3.744,3.744,3.744,0.65
05,02,2009,3.720,3.720,3.720,3.720,-1.25
04,02,2009,3.767,3.767,3.767,3.767,-0.16
03,02,2009,3.773,3.773,3.773,3.773,2.28
02,02,2009,3.689,3.689,3.689,3.689,-0.35
30,01,2009,3.702,3.702,3.702,3.702,0.08
29,01,2009,3.699,3.699,3.699,3.699,1.31
28,01,2009,3.651,3.651,3.651,3.651,-0.05
27,01,2009,3.653,3.653,3.653,3.653,-1.24
26,01,2009,3.699,3.699,3.699,3.699,0.74
23,01,2009,3.672,3.672,3.672,3.672,4.65
22,01,2009,3.509,3.509,3.509,3.509,1.09
21,01,2009,3.471,3.471,3.471,3.471,0.23
20,01,2009,3.463,3.463,3.463,3.463,1.02
19,01,2009,3.428,3.428,3.428,3.428,4.42
16,01,2009,3.283,3.283,3.283,3.283,4.35
15,01,2009,3.146,3.146,3.146,3.146,0.54
14,01,2009,3.129,3.129,3.129,3.129,-2.31
13,01,2009,3.203,3.203,3.203,3.203,2.14
12,01,2009,3.136,3.136,3.136,3.136,0.10
09,01,2009,3.133,3.133,3.133,3.133,-2.64
08,01,2009,3.218,3.218,3.218,3.218,-2.22
07,01,2009,3.291,3.291,3.291,3.291,0.83
06,01,2009,3.264,3.264,3.264,3.264,3.65
05,01,2009,3.149,3.149,3.149,3.149,3.48
02,01,2009,3.043,3.043,3.043,3.043,0.86
31,12,2008,3.017,3.017,3.017,3.017,-2.71
30,12,2008,3.101,3.101,3.101,3.101,0.10
29,12,2008,3.098,3.098,3.098,3.098,1.67
24,12,2008,3.047,3.047,3.047,3.047,-2.25
23,12,2008,3.117,3.117,3.117,3.117,-0.26
22,12,2008,3.125,3.125,3.125,3.125,-1.57
19,12,2008,3.175,3.175,3.175,3.175,-0.38
18,12,2008,3.187,3.187,3.187,3.187,-1.30
17,12,2008,3.229,3.229,3.229,3.229,-4.72
16,12,2008,3.389,3.389,3.389,3.389,-1.97
15,12,2008,3.457,3.457,3.457,3.457,-3.44
12,12,2008,3.580,3.580,3.580,3.580,-0.69
11,12,2008,3.605,3.605,3.605,3.605,0.98
10,12,2008,3.570,3.570,3.570,3.570,0.14
09,12,2008,3.565,3.565,3.565,3.565,-0.39
08,12,2008,3.579,3.579,3.579,3.579,4.86
05,12,2008,3.413,3.413,3.413,3.413,-0.20
04,12,2008,3.420,3.420,3.420,3.420,-0.26
03,12,2008,3.429,3.429,3.429,3.429,-1.01
02,12,2008,3.464,3.464,3.464,3.464,-5.38
01,12,2008,3.661,3.661,3.661,3.661,-2.97
28,11,2008,3.773,3.773,3.773,3.773,-0.13
27,11,2008,3.778,3.778,3.778,3.778,-0.26
26,11,2008,3.788,3.788,3.788,3.788,-2.70
25,11,2008,3.893,3.893,3.893,3.893,-1.59
24,11,2008,3.956,3.956,3.956,3.956,2.51
21,11,2008,3.859,3.859,3.859,3.859,-0.23
20,11,2008,3.868,3.868,3.868,3.868,-4.23
19,11,2008,4.039,4.039,4.039,4.039,-1.08
18,11,2008,4.083,4.083,4.083,4.083,-0.61
17,11,2008,4.108,4.108,4.108,4.108,1.11
14,11,2008,4.063,4.063,4.063,4.063,-0.71
13,11,2008,4.092,4.092,4.092,4.092,-0.37
12,11,2008,4.107,4.107,4.107,4.107,-2.72
11,11,2008,4.222,4.222,4.222,4.222,0.72
10,11,2008,4.192,4.192,4.192,4.192,0.02
07,11,2008,4.191,4.191,4.191,4.191,-3.12
06,11,2008,4.326,4.326,4.326,4.326,-2.13
05,11,2008,4.420,4.420,4.420,4.420,-1.23
04,11,2008,4.475,4.475,4.475,4.475,-0.42
03,11,2008,4.494,4.494,4.494,4.494,-0.35
31,10,2008,4.510,4.510,4.510,4.510,1.60
30,10,2008,4.439,4.439,4.439,4.439,0.86
29,10,2008,4.401,4.401,4.401,4.401,0.30
28,10,2008,4.388,4.388,4.388,4.388,0.07
27,10,2008,4.385,4.385,4.385,4.385,0.25
24,10,2008,4.374,4.374,4.374,4.374,-2.21
23,10,2008,4.473,4.473,4.473,4.473,0.00
22,10,2008,4.473,4.473,4.473,4.473,-2.87
21,10,2008,4.605,4.605,4.605,4.605,-0.15
20,10,2008,4.612,4.612,4.612,4.612,-1.05
17,10,2008,4.661,4.661,4.661,4.661,-1.40
16,10,2008,4.727,4.727,4.727,4.727,0.25
15,10,2008,4.715,4.715,4.715,4.715,-0.30
14,10,2008,4.729,4.729,4.729,4.729,1.74
13,10,2008,4.648,4.648,4.648,4.648,3.82
10,10,2008,4.477,4.477,4.477,4.477,2.68
09,10,2008,4.360,4.360,4.360,4.360,1.28
08,10,2008,4.305,4.305,4.305,4.305,1.68
07,10,2008,4.234,4.234,4.234,4.234,0.52
06,10,2008,4.212,4.212,4.212,4.212,-4.21
03,10,2008,4.397,4.397,4.397,4.397,0.57
02,10,2008,4.372,4.372,4.372,4.372,-1.91
01,10,2008,4.457,4.457,4.457,4.457,0.02
30,09,2008,4.456,4.456,4.456,4.456,1.60
29,09,2008,4.386,4.386,4.386,4.386,-3.73
26,09,2008,4.556,4.556,4.556,4.556,-1.43
25,09,2008,4.622,4.622,4.622,4.622,1.09
24,09,2008,4.572,4.572,4.572,4.572,-2.12
23,09,2008,4.671,4.671,4.671,4.671,-0.43
22,09,2008,4.691,4.691,4.691,4.691,2.07
19,09,2008,4.596,4.596,4.596,4.596,4.19
18,09,2008,4.411,4.411,4.411,4.411,0.02
17,09,2008,4.410,4.410,4.410,4.410,-0.38
16,09,2008,4.427,4.427,4.427,4.427,-0.98
15,09,2008,4.471,4.471,4.471,4.471,-2.87
12,09,2008,4.603,4.603,4.603,4.603,3.37
11,09,2008,4.453,4.453,4.453,4.453,-0.07
10,09,2008,4.456,4.456,4.456,4.456,0.38
09,09,2008,4.439,4.439,4.439,4.439,-1.11
08,09,2008,4.489,4.489,4.489,4.489,2.44
05,09,2008,4.382,4.382,4.382,4.382,-1.70
04,09,2008,4.458,4.458,4.458,4.458,-0.91
03,09,2008,4.499,4.499,4.499,4.499,-0.11
02,09,2008,4.504,4.504,4.504,4.504,0.96
01,09,2008,4.461,4.461,4.461,4.461,-0.40
29,08,2008,4.479,4.479,4.479,4.479,-0.20
28,08,2008,4.488,4.488,4.488,4.488,0.31
27,08,2008,4.474,4.474,4.474,4.474,-0.58
26,08,2008,4.500,4.500,4.500,4.500,-2.47
22,08,2008,4.614,4.614,4.614,4.614,0.98
21,08,2008,4.569,4.569,4.569,4.569,0.02
20,08,2008,4.568,4.568,4.568,4.568,-0.52
19,08,2008,4.592,4.592,4.592,4.592,-0.09
18,08,2008,4.596,4.596,4.596,4.596,0.35
15,08,2008,4.580,4.580,4.580,4.580,-1.29
14,08,2008,4.640,4.640,4.640,4.640,0.80
13,08,2008,4.603,4.603,4.603,4.603,-0.71
12,08,2008,4.636,4.636,4.636,4.636,-1.59
11,08,2008,4.711,4.711,4.711,4.711,0.62
08,08,2008,4.682,4.682,4.682,4.682,-0.04
07,08,2008,4.684,4.684,4.684,4.684,-1.24
06,08,2008,4.743,4.743,4.743,4.743,-0.55
05,08,2008,4.769,4.769,4.769,4.769,-0.81
04,08,2008,4.808,4.808,4.808,4.808,-0.80
01,08,2008,4.847,4.847,4.847,4.847,0.79
31,07,2008,4.809,4.809,4.809,4.809,-0.72
30,07,2008,4.844,4.844,4.844,4.844,-1.02
29,07,2008,4.894,4.894,4.894,4.894,-1.21
28,07,2008,4.954,4.954,4.954,4.954,-0.74
25,07,2008,4.991,4.991,4.991,4.991,0.30
24,07,2008,4.976,4.976,4.976,4.976,-1.37
23,07,2008,5.045,5.045,5.045,5.045,0.92
22,07,2008,4.999,4.999,4.999,4.999,-1.15
21,07,2008,5.057,5.057,5.057,5.057,0.32
18,07,2008,5.041,5.041,5.041,5.041,2.90
17,07,2008,4.899,4.899,4.899,4.899,0.49
16,07,2008,4.875,4.875,4.875,4.875,0.37
15,07,2008,4.857,4.857,4.857,4.857,-0.86
14,07,2008,4.899,4.899,4.899,4.899,0.02
11,07,2008,4.898,4.898,4.898,4.898,0.70
10,07,2008,4.864,4.864,4.864,4.864,-0.39
09,07,2008,4.883,4.883,4.883,4.883,-0.51
08,07,2008,4.908,4.908,4.908,4.908,-0.24
07,07,2008,4.920,4.920,4.920,4.920,-0.97
04,07,2008,4.968,4.968,4.968,4.968,-1.39
03,07,2008,5.038,5.038,5.038,5.038,-1.85
02,07,2008,5.133,5.133,5.133,5.133,0.29
01,07,2008,5.118,5.118,5.118,5.118,-0.23
30,06,2008,5.130,5.130,5.130,5.130,1.89
27,06,2008,5.035,5.035,5.035,5.035,0.56
26,06,2008,5.007,5.007,5.007,5.007,-2.15
25,06,2008,5.117,5.117,5.117,5.117,-0.68
24,06,2008,5.152,5.152,5.152,5.152,0.39
23,06,2008,5.132,5.132,5.132,5.132,-0.39
20,06,2008,5.152,5.152,5.152,5.152,-1.72
19,06,2008,5.242,5.242,5.242,5.242,1.57
18,06,2008,5.161,5.161,5.161,5.161,-0.08
17,06,2008,5.165,5.165,5.165,5.165,-0.96
16,06,2008,5.215,5.215,5.215,5.215,-0.93
13,06,2008,5.264,5.264,5.264,5.264,2.21
12,06,2008,5.150,5.150,5.150,5.150,0.29
11,06,2008,5.135,5.135,5.135,5.135,0.14
10,06,2008,5.128,5.128,5.128,5.128,-0.27
09,06,2008,5.142,5.142,5.142,5.142,2.88
06,06,2008,4.998,4.998,4.998,4.998,-0.97
05,06,2008,5.047,5.047,5.047,5.047,2.10
04,06,2008,4.943,4.943,4.943,4.943,-1.96
03,06,2008,5.042,5.042,5.042,5.042,1.61
02,06,2008,4.962,4.962,4.962,4.962,-0.26
30,05,2008,4.975,4.975,4.975,4.975,-1.13
29,05,2008,5.032,5.032,5.032,5.032,1.31
28,05,2008,4.967,4.967,4.967,4.967,0.75
27,05,2008,4.930,4.930,4.930,4.930,0.06
23,05,2008,4.927,4.927,4.927,4.927,-0.57
22,05,2008,4.955,4.955,4.955,4.955,1.58
21,05,2008,4.878,4.878,4.878,4.878,1.67
20,05,2008,4.798,4.798,4.798,4.798,-0.70
19,05,2008,4.832,4.832,4.832,4.832,1.15
16,05,2008,4.777,4.777,4.777,4.777,-0.99
15,05,2008,4.825,4.825,4.825,4.825,0.04
14,05,2008,4.823,4.823,4.823,4.823,2.38
13,05,2008,4.711,4.711,4.711,4.711,2.24
12,05,2008,4.608,4.608,4.608,4.608,0.50
09,05,2008,4.585,4.585,4.585,4.585,-0.80
08,05,2008,4.622,4.622,4.622,4.622,-2.06
07,05,2008,4.719,4.719,4.719,4.719,0.96
06,05,2008,4.674,4.674,4.674,4.674,-1.56
02,05,2008,4.748,4.748,4.748,4.748,2.62
01,05,2008,4.627,4.627,4.627,4.627,-0.98
30,04,2008,4.673,4.673,4.673,4.673,-0.11
29,04,2008,4.678,4.678,4.678,4.678,-1.33
28,04,2008,4.741,4.741,4.741,4.741,-0.77
25,04,2008,4.778,4.778,4.778,4.778,0.06
24,04,2008,4.775,4.775,4.775,4.775,2.25
23,04,2008,4.670,4.670,4.670,4.670,-0.60
22,04,2008,4.698,4.698,4.698,4.698,0.49
21,04,2008,4.675,4.675,4.675,4.675,-1.37
18,04,2008,4.740,4.740,4.740,4.740,1.52
17,04,2008,4.669,4.669,4.669,4.669,2.89
16,04,2008,4.538,4.538,4.538,4.538,2.28
15,04,2008,4.437,4.437,4.437,4.437,0.02
14,04,2008,4.436,4.436,4.436,4.436,-1.33
11,04,2008,4.496,4.496,4.496,4.496,-0.09
10,04,2008,4.500,4.500,4.500,4.500,0.07
09,04,2008,4.497,4.497,4.497,4.497,-0.38
08,04,2008,4.514,4.514,4.514,4.514,1.28
07,04,2008,4.457,4.457,4.457,4.457,0.00
04,04,2008,4.457,4.457,4.457,4.457,1.39
03,04,2008,4.396,4.396,4.396,4.396,-1.06
02,04,2008,4.443,4.443,4.443,4.443,0.00
01,04,2008,4.443,4.443,4.443,4.443,2.07
31,03,2008,4.353,4.353,4.353,4.353,-3.18
28,03,2008,4.496,4.496,4.496,4.496,1.31
27,03,2008,4.438,4.438,4.438,4.438,0.18
26,03,2008,4.430,4.430,4.430,4.430,3.02
25,03,2008,4.300,4.300,4.300,4.300,-0.14
20,03,2008,4.306,4.306,4.306,4.306,-1.22
19,03,2008,4.359,4.359,4.359,4.359,1.30
18,03,2008,4.303,4.303,4.303,4.303,-0.76
17,03,2008,4.336,4.336,4.336,4.336,-0.57
14,03,2008,4.361,4.361,4.361,4.361,-1.51
13,03,2008,4.428,4.428,4.428,4.428,1.56
12,03,2008,4.360,4.360,4.360,4.360,1.58
11,03,2008,4.292,4.292,4.292,4.292,-0.74
10,03,2008,4.324,4.324,4.324,4.324,-1.62
07,03,2008,4.395,4.395,4.395,4.395,-1.85
06,03,2008,4.478,4.478,4.478,4.478,1.50
05,03,2008,4.412,4.412,4.412,4.412,-0.74
04,03,2008,4.445,4.445,4.445,4.445,-0.56
03,03,2008,4.470,4.470,4.470,4.470,-2.89
29,02,2008,4.603,4.603,4.603,4.603,-2.08
28,02,2008,4.701,4.701,4.701,4.701,-0.23
27,02,2008,4.712,4.712,4.712,4.712,-0.32
26,02,2008,4.727,4.727,4.727,4.727,-0.38
25,02,2008,4.745,4.745,4.745,4.745,-0.06
22,02,2008,4.748,4.748,4.748,4.748,0.06
21,02,2008,4.745,4.745,4.745,4.745,0.89
20,02,2008,4.703,4.703,4.703,4.703,-0.28
19,02,2008,4.716,4.716,4.716,4.716,1.46
18,02,2008,4.648,4.648,4.648,4.648,-1.04
15,02,2008,4.697,4.697,4.697,4.697,0.47
14,02,2008,4.675,4.675,4.675,4.675,0.65
13,02,2008,4.645,4.645,4.645,4.645,2.02
12,02,2008,4.553,4.553,4.553,4.553,2.04
11,02,2008,4.462,4.462,4.462,4.462,-0.31
08,02,2008,4.476,4.476,4.476,4.476,-0.97
07,02,2008,4.520,4.520,4.520,4.520,1.07
06,02,2008,4.472,4.472,4.472,4.472,-2.10
05,02,2008,4.568,4.568,4.568,4.568,1.13
04,02,2008,4.517,4.517,4.517,4.517,-0.33
01,02,2008,4.532,4.532,4.532,4.532,-1.93
31,01,2008,4.621,4.621,4.621,4.621,-0.39
30,01,2008,4.639,4.639,4.639,4.639,2.16
29,01,2008,4.541,4.541,4.541,4.541,-0.22
28,01,2008,4.551,4.551,4.551,4.551,-0.68
25,01,2008,4.582,4.582,4.582,4.582,3.08
24,01,2008,4.445,4.445,4.445,4.445,-2.39
23,01,2008,4.554,4.554,4.554,4.554,3.69
22,01,2008,4.392,4.392,4.392,4.392,-1.63
21,01,2008,4.465,4.465,4.465,4.465,0.34
18,01,2008,4.450,4.450,4.450,4.450,0.63
17,01,2008,4.422,4.422,4.422,4.422,-0.29
16,01,2008,4.435,4.435,4.435,4.435,-0.45
15,01,2008,4.455,4.455,4.455,4.455,-0.22
14,01,2008,4.465,4.465,4.465,4.465,0.34
11,01,2008,4.450,4.450,4.450,4.450,0.07
10,01,2008,4.447,4.447,4.447,4.447,-1.00
09,01,2008,4.492,4.492,4.492,4.492,0.60
08,01,2008,4.465,4.465,4.465,4.465,-0.02
07,01,2008,4.466,4.466,4.466,4.466,-1.11
04,01,2008,4.516,4.516,4.516,4.516,0.58
03,01,2008,4.490,4.490,4.490,4.490,-1.66
02,01,2008,4.566,4.566,4.566,4.566,-1.02
31,12,2007,4.613,4.613,4.613,4.613,-1.93
28,12,2007,4.704,4.704,4.704,4.704,1.20
27,12,2007,4.648,4.648,4.648,4.648,-1.36
24,12,2007,4.712,4.712,4.712,4.712,1.64
21,12,2007,4.636,4.636,4.636,4.636,-1.90
20,12,2007,4.726,4.726,4.726,4.726,-1.60
19,12,2007,4.803,4.803,4.803,4.803,-0.27
18,12,2007,4.816,4.816,4.816,4.816,-0.72
17,12,2007,4.851,4.851,4.851,4.851,0.50
14,12,2007,4.827,4.827,4.827,4.827,-0.43
13,12,2007,4.848,4.848,4.848,4.848,2.28
12,12,2007,4.740,4.740,4.740,4.740,-0.32
11,12,2007,4.755,4.755,4.755,4.755,1.45
10,12,2007,4.687,4.687,4.687,4.687,1.96
07,12,2007,4.597,4.597,4.597,4.597,1.10
06,12,2007,4.547,4.547,4.547,4.547,-0.76
05,12,2007,4.582,4.582,4.582,4.582,-0.78
04,12,2007,4.618,4.618,4.618,4.618,-1.20
03,12,2007,4.674,4.674,4.674,4.674,1.10
30,11,2007,4.623,4.623,4.623,4.623,-2.03
29,11,2007,4.719,4.719,4.719,4.719,1.64
28,11,2007,4.643,4.643,4.643,4.643,0.80
27,11,2007,4.606,4.606,4.606,4.606,0.17
26,11,2007,4.598,4.598,4.598,4.598,0.46
23,11,2007,4.577,4.577,4.577,4.577,-0.50
22,11,2007,4.600,4.600,4.600,4.600,-0.95
21,11,2007,4.644,4.644,4.644,4.644,-0.15
20,11,2007,4.651,4.651,4.651,4.651,-0.30
19,11,2007,4.665,4.665,4.665,4.665,-0.45
16,11,2007,4.686,4.686,4.686,4.686,-1.93
15,11,2007,4.778,4.778,4.778,4.778,-0.31
14,11,2007,4.793,4.793,4.793,4.793,-0.19
13,11,2007,4.802,4.802,4.802,4.802,0.67
12,11,2007,4.770,4.770,4.770,4.770,-0.77
09,11,2007,4.807,4.807,4.807,4.807,-1.60
08,11,2007,4.885,4.885,4.885,4.885,-0.39
07,11,2007,4.904,4.904,4.904,4.904,-0.33
06,11,2007,4.920,4.920,4.920,4.920,0.20
05,11,2007,4.910,4.910,4.910,4.910,-1.13
02,11,2007,4.966,4.966,4.966,4.966,-0.58
01,11,2007,4.995,4.995,4.995,4.995,1.17
31,10,2007,4.937,4.937,4.937,4.937,0.47
30,10,2007,4.914,4.914,4.914,4.914,0.45
29,10,2007,4.892,4.892,4.892,4.892,-0.12
26,10,2007,4.898,4.898,4.898,4.898,0.16
25,10,2007,4.890,4.890,4.890,4.890,-1.05
24,10,2007,4.942,4.942,4.942,4.942,0.18
23,10,2007,4.933,4.933,4.933,4.933,-0.04
22,10,2007,4.935,4.935,4.935,4.935,-1.50
19,10,2007,5.010,5.010,5.010,5.010,-1.01
18,10,2007,5.061,5.061,5.061,5.061,-0.96
17,10,2007,5.110,5.110,5.110,5.110,-0.31
16,10,2007,5.126,5.126,5.126,5.126,0.18
15,10,2007,5.117,5.117,5.117,5.117,1.23
12,10,2007,5.055,5.055,5.055,5.055,1.08
11,10,2007,5.001,5.001,5.001,5.001,1.48
10,10,2007,4.928,4.928,4.928,4.928,-0.81
09,10,2007,4.968,4.968,4.968,4.968,-0.18
08,10,2007,4.977,4.977,4.977,4.977,0.34
05,10,2007,4.960,4.960,4.960,4.960,-0.52
04,10,2007,4.986,4.986,4.986,4.986,0.65
03,10,2007,4.954,4.954,4.954,4.954,-1.00
02,10,2007,5.004,5.004,5.004,5.004,-0.46
01,10,2007,5.027,5.027,5.027,5.027,-0.98
28,09,2007,5.077,5.077,5.077,5.077,-0.16
27,09,2007,5.085,5.085,5.085,5.085,0.95
26,09,2007,5.037,5.037,5.037,5.037,-0.87
25,09,2007,5.081,5.081,5.081,5.081,-0.16
24,09,2007,5.089,5.089,5.089,5.089,0.69
21,09,2007,5.054,5.054,5.054,5.054,1.53
20,09,2007,4.978,4.978,4.978,4.978,1.01
19,09,2007,4.928,4.928,4.928,4.928,2.24
18,09,2007,4.820,4.820,4.820,4.820,-0.92
17,09,2007,4.865,4.865,4.865,4.865,-1.12
14,09,2007,4.920,4.920,4.920,4.920,0.72
13,09,2007,4.885,4.885,4.885,4.885,-0.18
12,09,2007,4.894,4.894,4.894,4.894,0.00
11,09,2007,4.894,4.894,4.894,4.894,-1.09
10,09,2007,4.948,4.948,4.948,4.948,-1.28
07,09,2007,5.012,5.012,5.012,5.012,-0.32
06,09,2007,5.028,5.028,5.028,5.028,-0.44
05,09,2007,5.050,5.050,5.050,5.050,-0.18
04,09,2007,5.059,5.059,5.059,5.059,0.32
03,09,2007,5.043,5.043,5.043,5.043,0.68
31,08,2007,5.009,5.009,5.009,5.009,-0.69
30,08,2007,5.044,5.044,5.044,5.044,0.02
29,08,2007,5.043,5.043,5.043,5.043,-0.63
28,08,2007,5.075,5.075,5.075,5.075,0.73
24,08,2007,5.038,5.038,5.038,5.038,-0.79
23,08,2007,5.078,5.078,5.078,5.078,1.68
22,08,2007,4.994,4.994,4.994,4.994,-1.07
21,08,2007,5.048,5.048,5.048,5.048,-0.61
20,08,2007,5.079,5.079,5.079,5.079,1.26
17,08,2007,5.016,5.016,5.016,5.016,-1.84
16,08,2007,5.110,5.110,5.110,5.110,-1.31
15,08,2007,5.178,5.178,5.178,5.178,-0.67
14,08,2007,5.213,5.213,5.213,5.213,-0.27
13,08,2007,5.227,5.227,5.227,5.227,-0.55
10,08,2007,5.256,5.256,5.256,5.256,-0.74
09,08,2007,5.295,5.295,5.295,5.295,1.36
08,08,2007,5.224,5.224,5.224,5.224,0.40
07,08,2007,5.203,5.203,5.203,5.203,0.35
06,08,2007,5.185,5.185,5.185,5.185,-1.37
03,08,2007,5.257,5.257,5.257,5.257,0.79
02,08,2007,5.216,5.216,5.216,5.216,-0.19
01,08,2007,5.226,5.226,5.226,5.226,0.62
31,07,2007,5.194,5.194,5.194,5.194,-0.40
30,07,2007,5.215,5.215,5.215,5.215,0.15
27,07,2007,5.207,5.207,5.207,5.207,-1.98
26,07,2007,5.312,5.312,5.312,5.312,-0.43
25,07,2007,5.335,5.335,5.335,5.335,-0.19
24,07,2007,5.345,5.345,5.345,5.345,0.45
23,07,2007,5.321,5.321,5.321,5.321,-2.17
20,07,2007,5.439,5.439,5.439,5.439,0.04
19,07,2007,5.437,5.437,5.437,5.437,-0.91
18,07,2007,5.487,5.487,5.487,5.487,0.57
17,07,2007,5.456,5.456,5.456,5.456,-0.85
16,07,2007,5.503,5.503,5.503,5.503,0.09
13,07,2007,5.498,5.498,5.498,5.498,0.71
12,07,2007,5.459,5.459,5.459,5.459,-0.09
11,07,2007,5.464,5.464,5.464,5.464,-1.59
10,07,2007,5.552,5.552,5.552,5.552,-0.43
09,07,2007,5.576,5.576,5.576,5.576,0.76
06,07,2007,5.534,5.534,5.534,5.534,0.58
05,07,2007,5.502,5.502,5.502,5.502,0.62
04,07,2007,5.468,5.468,5.468,5.468,0.98
03,07,2007,5.415,5.415,5.415,5.415,-0.59
02,07,2007,5.447,5.447,5.447,5.447,0.00
29,06,2007,5.447,5.447,5.447,5.447,0.42
28,06,2007,5.424,5.424,5.424,5.424,-0.71
27,06,2007,5.463,5.463,5.463,5.463,-0.46
26,06,2007,5.488,5.488,5.488,5.488,-0.36
25,06,2007,5.508,5.508,5.508,5.508,0.24
22,06,2007,5.495,5.495,5.495,5.495,0.20
21,06,2007,5.484,5.484,5.484,5.484,0.98
20,06,2007,5.431,5.431,5.431,5.431,-0.71
19,06,2007,5.470,5.470,5.470,5.470,-0.02
18,06,2007,5.471,5.471,5.471,5.471,0.16
15,06,2007,5.462,5.462,5.462,5.462,0.22
14,06,2007,5.450,5.450,5.450,5.450,0.35
13,06,2007,5.431,5.431,5.431,5.431,1.17
12,06,2007,5.368,5.368,5.368,5.368,-0.20
11,06,2007,5.379,5.379,5.379,5.379,0.50
08,06,2007,5.352,5.352,5.352,5.352,1.59
07,06,2007,5.268,5.268,5.268,5.268,-0.77
06,06,2007,5.309,5.309,5.309,5.309,0.42
05,06,2007,5.287,5.287,5.287,5.287,0.23
04,06,2007,5.275,5.275,5.275,5.275,0.84
01,06,2007,5.231,5.231,5.231,5.231,0.08
31,05,2007,5.227,5.227,5.227,5.227,0.25
30,05,2007,5.214,5.214,5.214,5.214,-0.02
29,05,2007,5.215,5.215,5.215,5.215,0.54
25,05,2007,5.187,5.187,5.187,5.187,-0.40
24,05,2007,5.208,5.208,5.208,5.208,0.91
23,05,2007,5.161,5.161,5.161,5.161,0.35
22,05,2007,5.143,5.143,5.143,5.143,-0.19
21,05,2007,5.153,5.153,5.153,5.153,0.35
18,05,2007,5.135,5.135,5.135,5.135,0.49
17,05,2007,5.110,5.110,5.110,5.110,-0.08
16,05,2007,5.114,5.114,5.114,5.114,-0.14
15,05,2007,5.121,5.121,5.121,5.121,0.93
14,05,2007,5.074,5.074,5.074,5.074,0.04
11,05,2007,5.072,5.072,5.072,5.072,0.26
10,05,2007,5.059,5.059,5.059,5.059,-0.16
09,05,2007,5.067,5.067,5.067,5.067,-0.47
08,05,2007,5.091,5.091,5.091,5.091,-0.39
04,05,2007,5.111,5.111,5.111,5.111,0.49
03,05,2007,5.086,5.086,5.086,5.086,0.77
02,05,2007,5.047,5.047,5.047,5.047,0.48
01,05,2007,5.023,5.023,5.023,5.023,-1.68
30,04,2007,5.109,5.109,5.109,5.109,0.47
27,04,2007,5.085,5.085,5.085,5.085,0.77
26,04,2007,5.046,5.046,5.046,5.046,0.30
25,04,2007,5.031,5.031,5.031,5.031,-0.14
24,04,2007,5.038,5.038,5.038,5.038,0.00
23,04,2007,5.038,5.038,5.038,5.038,-0.32
20,04,2007,5.054,5.054,5.054,5.054,0.70
19,04,2007,5.019,5.019,5.019,5.019,-0.95
18,04,2007,5.067,5.067,5.067,5.067,0.26
17,04,2007,5.054,5.054,5.054,5.054,-0.51
16,04,2007,5.080,5.080,5.080,5.080,0.79
13,04,2007,5.040,5.040,5.040,5.040,0.76
12,04,2007,5.002,5.002,5.002,5.002,0.04
11,04,2007,5.000,5.000,5.000,5.000,0.50
10,04,2007,4.975,4.975,4.975,4.975,-0.14
05,04,2007,4.982,4.982,4.982,4.982,-0.38
04,04,2007,5.001,5.001,5.001,5.001,0.75
03,04,2007,4.964,4.964,4.964,4.964,0.53
02,04,2007,4.938,4.938,4.938,4.938,0.06
30,03,2007,4.935,4.935,4.935,4.935,0.53
29,03,2007,4.909,4.909,4.909,4.909,-0.18
28,03,2007,4.918,4.918,4.918,4.918,0.65
27,03,2007,4.886,4.886,4.886,4.886,0.39
26,03,2007,4.867,4.867,4.867,4.867,0.39
23,03,2007,4.848,4.848,4.848,4.848,0.73
22,03,2007,4.813,4.813,4.813,4.813,-0.02
21,03,2007,4.814,4.814,4.814,4.814,0.38
20,03,2007,4.796,4.796,4.796,4.796,1.05
19,03,2007,4.746,4.746,4.746,4.746,-0.02
16,03,2007,4.747,4.747,4.747,4.747,0.57
15,03,2007,4.720,4.720,4.720,4.720,-0.27
14,03,2007,4.733,4.733,4.733,4.733,-1.25
13,03,2007,4.793,4.793,4.793,4.793,0.15
12,03,2007,4.786,4.786,4.786,4.786,0.82
09,03,2007,4.747,4.747,4.747,4.747,-0.13
08,03,2007,4.753,4.753,4.753,4.753,0.38
07,03,2007,4.735,4.735,4.735,4.735,0.36
06,03,2007,4.718,4.718,4.718,4.718,-0.63
05,03,2007,4.748,4.748,4.748,4.748,-0.06
02,03,2007,4.751,4.751,4.751,4.751,-1.00
01,03,2007,4.799,4.799,4.799,4.799,-0.15
28,02,2007,4.806,4.806,4.806,4.806,-0.76
27,02,2007,4.843,4.843,4.843,4.843,-0.88
26,02,2007,4.886,4.886,4.886,4.886,-1.03
23,02,2007,4.937,4.937,4.937,4.937,0.98
22,02,2007,4.889,4.889,4.889,4.889,-0.49
21,02,2007,4.913,4.913,4.913,4.913,0.35
20,02,2007,4.896,4.896,4.896,4.896,0.49
19,02,2007,4.872,4.872,4.872,4.872,0.25
16,02,2007,4.860,4.860,4.860,4.860,-1.92
15,02,2007,4.955,4.955,4.955,4.955,-0.10
14,02,2007,4.960,4.960,4.960,4.960,-0.52
13,02,2007,4.986,4.986,4.986,4.986,0.30
12,02,2007,4.971,4.971,4.971,4.971,1.08
09,02,2007,4.918,4.918,4.918,4.918,-0.91
08,02,2007,4.963,4.963,4.963,4.963,-0.48
07,02,2007,4.987,4.987,4.987,4.987,-0.06
06,02,2007,4.990,4.990,4.990,4.990,-0.12
05,02,2007,4.996,4.996,4.996,4.996,-0.08
02,02,2007,5.000,5.000,5.000,5.000,0.42
01,02,2007,4.979,4.979,4.979,4.979,-0.22
31,01,2007,4.990,4.990,4.990,4.990,-0.52
30,01,2007,5.016,5.016,5.016,5.016,0.74
29,01,2007,4.979,4.979,4.979,4.979,0.30
26,01,2007,4.964,4.964,4.964,4.964,1.06
25,01,2007,4.912,4.912,4.912,4.912,0.24
24,01,2007,4.900,4.900,4.900,4.900,0.20
23,01,2007,4.890,4.890,4.890,4.890,-0.47
22,01,2007,4.913,4.913,4.913,4.913,0.37
19,01,2007,4.895,4.895,4.895,4.895,-0.10
18,01,2007,4.900,4.900,4.900,4.900,0.16
17,01,2007,4.892,4.892,4.892,4.892,-0.24
16,01,2007,4.904,4.904,4.904,4.904,0.06
15,01,2007,4.901,4.901,4.901,4.901,0.95
12,01,2007,4.855,4.855,4.855,4.855,0.91
11,01,2007,4.811,4.811,4.811,4.811,0.17
10,01,2007,4.803,4.803,4.803,4.803,0.21
09,01,2007,4.793,4.793,4.793,4.793,-0.08
08,01,2007,4.797,4.797,4.797,4.797,0.46
05,01,2007,4.775,4.775,4.775,4.775,-0.31
04,01,2007,4.790,4.790,4.790,4.790,0.61
03,01,2007,4.761,4.761,4.761,4.761,0.49
02,01,2007,4.738,4.738,4.738,4.738,-1.09
29,12,2006,4.790,4.790,4.790,4.790,0.04
28,12,2006,4.788,4.788,4.788,4.788,1.25
27,12,2006,4.729,4.729,4.729,4.729,0.00
22,12,2006,4.729,4.729,4.729,4.729,0.32
21,12,2006,4.714,4.714,4.714,4.714,-0.49
20,12,2006,4.737,4.737,4.737,4.737,0.68
19,12,2006,4.705,4.705,4.705,4.705,0.60
18,12,2006,4.677,4.677,4.677,4.677,-0.23
15,12,2006,4.688,4.688,4.688,4.688,1.32
14,12,2006,4.627,4.627,4.627,4.627,0.22
13,12,2006,4.617,4.617,4.617,4.617,0.46
12,12,2006,4.596,4.596,4.596,4.596,1.08
11,12,2006,4.547,4.547,4.547,4.547,0.15
08,12,2006,4.540,4.540,4.540,4.540,0.82
07,12,2006,4.503,4.503,4.503,4.503,0.24
06,12,2006,4.492,4.492,4.492,4.492,0.47
05,12,2006,4.471,4.471,4.471,4.471,0.16
04,12,2006,4.464,4.464,4.464,4.464,-1.00
01,12,2006,4.509,4.509,4.509,4.509,-0.77
30,11,2006,4.544,4.544,4.544,4.544,0.20
29,11,2006,4.535,4.535,4.535,4.535,-0.77
28,11,2006,4.570,4.570,4.570,4.570,1.04
27,11,2006,4.523,4.523,4.523,4.523,-1.07
24,11,2006,4.572,4.572,4.572,4.572,0.35
23,11,2006,4.556,4.556,4.556,4.556,0.13
22,11,2006,4.550,4.550,4.550,4.550,0.24
21,11,2006,4.539,4.539,4.539,4.539,-0.42
20,11,2006,4.558,4.558,4.558,4.558,-0.33
17,11,2006,4.573,4.573,4.573,4.573,0.44
16,11,2006,4.553,4.553,4.553,4.553,0.35
15,11,2006,4.537,4.537,4.537,4.537,-0.57
14,11,2006,4.563,4.563,4.563,4.563,1.04
13,11,2006,4.516,4.516,4.516,4.516,-0.62
10,11,2006,4.544,4.544,4.544,4.544,-0.63
09,11,2006,4.573,4.573,4.573,4.573,0.53
08,11,2006,4.549,4.549,4.549,4.549,-1.28
07,11,2006,4.608,4.608,4.608,4.608,0.28
06,11,2006,4.595,4.595,4.595,4.595,0.88
03,11,2006,4.555,4.555,4.555,4.555,1.07
02,11,2006,4.507,4.507,4.507,4.507,-0.18
01,11,2006,4.515,4.515,4.515,4.515,-1.07
31,10,2006,4.564,4.564,4.564,4.564,-0.37
30,10,2006,4.581,4.581,4.581,4.581,-1.82
27,10,2006,4.666,4.666,4.666,4.666,-0.83
26,10,2006,4.705,4.705,4.705,4.705,0.17
25,10,2006,4.697,4.697,4.697,4.697,-0.15
24,10,2006,4.704,4.704,4.704,4.704,0.28
23,10,2006,4.691,4.691,4.691,4.691,0.56
20,10,2006,4.665,4.665,4.665,4.665,0.43
19,10,2006,4.645,4.645,4.645,4.645,0.37
18,10,2006,4.628,4.628,4.628,4.628,-0.41
17,10,2006,4.647,4.647,4.647,4.647,-0.06
16,10,2006,4.650,4.650,4.650,4.650,0.63
13,10,2006,4.621,4.621,4.621,4.621,0.15
12,10,2006,4.614,4.614,4.614,4.614,0.00
11,10,2006,4.614,4.614,4.614,4.614,1.32
10,10,2006,4.554,4.554,4.554,4.554,-0.24
09,10,2006,4.565,4.565,4.565,4.565,0.93
06,10,2006,4.523,4.523,4.523,4.523,-0.26
05,10,2006,4.535,4.535,4.535,4.535,-0.59
04,10,2006,4.562,4.562,4.562,4.562,0.60
03,10,2006,4.535,4.535,4.535,4.535,0.29
02,10,2006,4.522,4.522,4.522,4.522,0.65
29,09,2006,4.493,4.493,4.493,4.493,0.42
28,09,2006,4.474,4.474,4.474,4.474,0.13
27,09,2006,4.468,4.468,4.468,4.468,0.22
26,09,2006,4.458,4.458,4.458,4.458,-0.93
25,09,2006,4.500,4.500,4.500,4.500,-1.06
22,09,2006,4.548,4.548,4.548,4.548,-1.13
21,09,2006,4.600,4.600,4.600,4.600,-0.56
20,09,2006,4.626,4.626,4.626,4.626,-0.60
19,09,2006,4.654,4.654,4.654,4.654,1.53
18,09,2006,4.584,4.584,4.584,4.584,0.17
15,09,2006,4.576,4.576,4.576,4.576,0.26
14,09,2006,4.564,4.564,4.564,4.564,-1.06
13,09,2006,4.613,4.613,4.613,4.613,0.87
12,09,2006,4.573,4.573,4.573,4.573,0.75
11,09,2006,4.539,4.539,4.539,4.539,-0.55
08,09,2006,4.564,4.564,4.564,4.564,-0.15
07,09,2006,4.571,4.571,4.571,4.571,0.48
06,09,2006,4.549,4.549,4.549,4.549,0.57
05,09,2006,4.523,4.523,4.523,4.523,-5.04
04,09,2006,4.763,4.763,4.763,4.763,5.49
01,09,2006,4.515,4.515,4.515,4.515,-0.79
31,08,2006,4.551,4.551,4.551,4.551,-0.46
30,08,2006,4.572,4.572,4.572,4.572,0.40
29,08,2006,4.554,4.554,4.554,4.554,0.04
25,08,2006,4.552,4.552,4.552,4.552,0.00
24,08,2006,4.552,4.552,4.552,4.552,0.46
23,08,2006,4.531,4.531,4.531,4.531,-0.79
22,08,2006,4.567,4.567,4.567,4.567,-0.89
21,08,2006,4.608,4.608,4.608,4.608,-1.05
18,08,2006,4.657,4.657,4.657,4.657,-0.64
17,08,2006,4.687,4.687,4.687,4.687,-0.99
16,08,2006,4.734,4.734,4.734,4.734,-0.63
15,08,2006,4.764,4.764,4.764,4.764,0.38
14,08,2006,4.746,4.746,4.746,4.746,1.02
11,08,2006,4.698,4.698,4.698,4.698,0.41
10,08,2006,4.679,4.679,4.679,4.679,0.28
09,08,2006,4.666,4.666,4.666,4.666,-0.11
08,08,2006,4.671,4.671,4.671,4.671,-0.57
07,08,2006,4.698,4.698,4.698,4.698,-0.74
04,08,2006,4.733,4.733,4.733,4.733,1.87
03,08,2006,4.646,4.646,4.646,4.646,0.63
02,08,2006,4.617,4.617,4.617,4.617,0.30
01,08,2006,4.603,4.603,4.603,4.603,0.26
31,07,2006,4.591,4.591,4.591,4.591,-0.50
28,07,2006,4.614,4.614,4.614,4.614,0.15
27,07,2006,4.607,4.607,4.607,4.607,-0.54
26,07,2006,4.632,4.632,4.632,4.632,0.67
25,07,2006,4.601,4.601,4.601,4.601,-0.35
24,07,2006,4.617,4.617,4.617,4.617,-0.24
21,07,2006,4.628,4.628,4.628,4.628,0.28
20,07,2006,4.615,4.615,4.615,4.615,-0.94
19,07,2006,4.659,4.659,4.659,4.659,0.91
18,07,2006,4.617,4.617,4.617,4.617,0.81
17,07,2006,4.580,4.580,4.580,4.580,-1.21
14,07,2006,4.636,4.636,4.636,4.636,-0.58
13,07,2006,4.663,4.663,4.663,4.663,0.65
12,07,2006,4.633,4.633,4.633,4.633,-0.60
11,07,2006,4.661,4.661,4.661,4.661,0.39
10,07,2006,4.643,4.643,4.643,4.643,-0.90
07,07,2006,4.685,4.685,4.685,4.685,-0.66
06,07,2006,4.716,4.716,4.716,4.716,0.60
05,07,2006,4.688,4.688,4.688,4.688,-1.08
04,07,2006,4.739,4.739,4.739,4.739,0.74
03,07,2006,4.704,4.704,4.704,4.704,-0.21
30,06,2006,4.714,4.714,4.714,4.714,-0.67
29,06,2006,4.746,4.746,4.746,4.746,0.27
28,06,2006,4.733,4.733,4.733,4.733,-0.02
27,06,2006,4.734,4.734,4.734,4.734,-0.25
26,06,2006,4.746,4.746,4.746,4.746,0.30
23,06,2006,4.732,4.732,4.732,4.732,0.25
22,06,2006,4.720,4.720,4.720,4.720,0.02
21,06,2006,4.719,4.719,4.719,4.719,1.16
20,06,2006,4.665,4.665,4.665,4.665,1.17
19,06,2006,4.611,4.611,4.611,4.611,-0.24
16,06,2006,4.622,4.622,4.622,4.622,1.96
15,06,2006,4.533,4.533,4.533,4.533,0.51
14,06,2006,4.510,4.510,4.510,4.510,-0.75
13,06,2006,4.544,4.544,4.544,4.544,-0.50
12,06,2006,4.567,4.567,4.567,4.567,-0.93
09,06,2006,4.610,4.610,4.610,4.610,-0.41
08,06,2006,4.629,4.629,4.629,4.629,-0.60
07,06,2006,4.657,4.657,4.657,4.657,1.26
06,06,2006,4.599,4.599,4.599,4.599,0.37
05,06,2006,4.582,4.582,4.582,4.582,-1.10
02,06,2006,4.633,4.633,4.633,4.633,1.09
01,06,2006,4.583,4.583,4.583,4.583,0.24
31,05,2006,4.572,4.572,4.572,4.572,0.57
30,05,2006,4.546,4.546,4.546,4.546,0.11
26,05,2006,4.541,4.541,4.541,4.541,-0.89
25,05,2006,4.582,4.582,4.582,4.582,-0.89
24,05,2006,4.623,4.623,4.623,4.623,1.29
23,05,2006,4.564,4.564,4.564,4.564,-0.89
22,05,2006,4.605,4.605,4.605,4.605,0.66
19,05,2006,4.575,4.575,4.575,4.575,-2.58
18,05,2006,4.696,4.696,4.696,4.696,1.71
17,05,2006,4.617,4.617,4.617,4.617,-1.33
16,05,2006,4.679,4.679,4.679,4.679,-1.33
15,05,2006,4.742,4.742,4.742,4.742,0.23
12,05,2006,4.731,4.731,4.731,4.731,0.87
11,05,2006,4.690,4.690,4.690,4.690,-0.51
10,05,2006,4.714,4.714,4.714,4.714,-0.25
09,05,2006,4.726,4.726,4.726,4.726,0.49
08,05,2006,4.703,4.703,4.703,4.703,-0.30
05,05,2006,4.717,4.717,4.717,4.717,1.11
04,05,2006,4.665,4.665,4.665,4.665,0.13
03,05,2006,4.659,4.659,4.659,4.659,1.08
02,05,2006,4.609,4.609,4.609,4.609,-0.67
28,04,2006,4.640,4.640,4.640,4.640,-1.15
27,04,2006,4.694,4.694,4.694,4.694,0.97
26,04,2006,4.649,4.649,4.649,4.649,1.35
25,04,2006,4.587,4.587,4.587,4.587,0.72
24,04,2006,4.554,4.554,4.554,4.554,0.75
21,04,2006,4.520,4.520,4.520,4.520,0.29
20,04,2006,4.507,4.507,4.507,4.507,-0.53
19,04,2006,4.531,4.531,4.531,4.531,0.09
18,04,2006,4.527,4.527,4.527,4.527,1.39
13,04,2006,4.465,4.465,4.465,4.465,0.61
12,04,2006,4.438,4.438,4.438,4.438,-0.29
11,04,2006,4.451,4.451,4.451,4.451,0.70
10,04,2006,4.420,4.420,4.420,4.420,-0.29
07,04,2006,4.433,4.433,4.433,4.433,1.35
06,04,2006,4.374,4.374,4.374,4.374,-1.13
05,04,2006,4.424,4.424,4.424,4.424,0.05
04,04,2006,4.422,4.422,4.422,4.422,0.45
03,04,2006,4.402,4.402,4.402,4.402,0.25
31,03,2006,4.391,4.391,4.391,4.391,0.34
30,03,2006,4.376,4.376,4.376,4.376,0.14
29,03,2006,4.370,4.370,4.370,4.370,0.74
28,03,2006,4.338,4.338,4.338,4.338,0.91
27,03,2006,4.299,4.299,4.299,4.299,-0.49
24,03,2006,4.320,4.320,4.320,4.320,0.37
23,03,2006,4.304,4.304,4.304,4.304,-0.69
22,03,2006,4.334,4.334,4.334,4.334,-0.16
21,03,2006,4.341,4.341,4.341,4.341,-0.05
20,03,2006,4.343,4.343,4.343,4.343,1.45
17,03,2006,4.281,4.281,4.281,4.281,-1.06
16,03,2006,4.327,4.327,4.327,4.327,0.28
15,03,2006,4.315,4.315,4.315,4.315,-0.94
14,03,2006,4.356,4.356,4.356,4.356,0.09
13,03,2006,4.352,4.352,4.352,4.352,0.83
10,03,2006,4.316,4.316,4.316,4.316,0.70
09,03,2006,4.286,4.286,4.286,4.286,0.61
08,03,2006,4.260,4.260,4.260,4.260,0.07
07,03,2006,4.257,4.257,4.257,4.257,-0.02
06,03,2006,4.258,4.258,4.258,4.258,0.73
03,03,2006,4.227,4.227,4.227,4.227,1.37
02,03,2006,4.170,4.170,4.170,4.170,-0.45
01,03,2006,4.189,4.189,4.189,4.189,-0.76
28,02,2006,4.221,4.221,4.221,4.221,1.25
27,02,2006,4.169,4.169,4.169,4.169,0.87
24,02,2006,4.133,4.133,4.133,4.133,0.61
23,02,2006,4.108,4.108,4.108,4.108,-0.46
22,02,2006,4.127,4.127,4.127,4.127,0.27
21,02,2006,4.116,4.116,4.116,4.116,-0.29
20,02,2006,4.128,4.128,4.128,4.128,-1.01
17,02,2006,4.170,4.170,4.170,4.170,-0.52
16,02,2006,4.192,4.192,4.192,4.192,0.77
15,02,2006,4.160,4.160,4.160,4.160,-0.83
14,02,2006,4.195,4.195,4.195,4.195,1.13
13,02,2006,4.148,4.148,4.148,4.148,-0.34
10,02,2006,4.162,4.162,4.162,4.162,-1.28
09,02,2006,4.216,4.216,4.216,4.216,-0.05
08,02,2006,4.218,4.218,4.218,4.218,0.62
07,02,2006,4.192,4.192,4.192,4.192,0.19
06,02,2006,4.184,4.184,4.184,4.184,-0.71
03,02,2006,4.214,4.214,4.214,4.214,0.60
02,02,2006,4.189,4.189,4.189,4.189,0.99
01,02,2006,4.148,4.148,4.148,4.148,-0.58
31,01,2006,4.172,4.172,4.172,4.172,-0.60
30,01,2006,4.197,4.197,4.197,4.197,0.48
27,01,2006,4.177,4.177,4.177,4.177,1.78
26,01,2006,4.104,4.104,4.104,4.104,1.68
25,01,2006,4.036,4.036,4.036,4.036,0.45
24,01,2006,4.018,4.018,4.018,4.018,-0.54
23,01,2006,4.040,4.040,4.040,4.040,0.02
20,01,2006,4.039,4.039,4.039,4.039,1.69
19,01,2006,3.972,3.972,3.972,3.972,-0.48
18,01,2006,3.991,3.991,3.991,3.991,-1.43
17,01,2006,4.049,4.049,4.049,4.049,-0.20
16,01,2006,4.057,4.057,4.057,4.057,-0.59
13,01,2006,4.081,4.081,4.081,4.081,-0.97
12,01,2006,4.121,4.121,4.121,4.121,-0.46
11,01,2006,4.140,4.140,4.140,4.140,0.90
10,01,2006,4.103,4.103,4.103,4.103,0.71
09,01,2006,4.074,4.074,4.074,4.074,0.12
06,01,2006,4.069,4.069,4.069,4.069,0.42
05,01,2006,4.052,4.052,4.052,4.052,-1.29
04,01,2006,4.105,4.105,4.105,4.105,0.64
03,01,2006,4.079,4.079,4.079,4.079,-0.37
02,01,2006,4.094,4.094,4.094,4.094,-0.56
30,12,2005,4.117,4.117,4.117,4.117,0.19
29,12,2005,4.109,4.109,4.109,4.109,-1.18
28,12,2005,4.158,4.158,4.158,4.158,-0.02
27,12,2005,4.159,4.159,4.159,4.159,-0.38
26,12,2005,4.175,4.175,4.175,4.175,-0.12
23,12,2005,4.180,4.180,4.180,4.180,-0.69
22,12,2005,4.209,4.209,4.209,4.209,0.91
21,12,2005,4.171,4.171,4.171,4.171,0.19
20,12,2005,4.163,4.163,4.163,4.163,-1.58
19,12,2005,4.230,4.230,4.230,4.230,-1.08
16,12,2005,4.276,4.276,4.276,4.276,0.05
15,12,2005,4.274,4.274,4.274,4.274,-0.26
14,12,2005,4.285,4.285,4.285,4.285,-0.19
13,12,2005,4.293,4.293,4.293,4.293,-0.74
12,12,2005,4.325,4.325,4.325,4.325,2.03
09,12,2005,4.239,4.239,4.239,4.239,-0.59
08,12,2005,4.264,4.264,4.264,4.264,0.71
07,12,2005,4.234,4.234,4.234,4.234,-0.80
06,12,2005,4.268,4.268,4.268,4.268,1.43
05,12,2005,4.208,4.208,4.208,4.208,0.91
02,12,2005,4.170,4.170,4.170,4.170,-0.81
01,12,2005,4.204,4.204,4.204,4.204,-0.57
30,11,2005,4.228,4.228,4.228,4.228,0.98
29,11,2005,4.187,4.187,4.187,4.187,0.17
28,11,2005,4.180,4.180,4.180,4.180,-0.02
25,11,2005,4.181,4.181,4.181,4.181,-0.71
24,11,2005,4.211,4.211,4.211,4.211,-0.19
23,11,2005,4.219,4.219,4.219,4.219,0.48
22,11,2005,4.199,4.199,4.199,4.199,-1.55
21,11,2005,4.265,4.265,4.265,4.265,0.68
18,11,2005,4.236,4.236,4.236,4.236,0.38
17,11,2005,4.220,4.220,4.220,4.220,-2.54
16,11,2005,4.330,4.330,4.330,4.330,-2.15
15,11,2005,4.425,4.425,4.425,4.425,-0.43
14,11,2005,4.444,4.444,4.444,4.444,0.38
11,11,2005,4.427,4.427,4.427,4.427,-0.05
10,11,2005,4.429,4.429,4.429,4.429,0.82
09,11,2005,4.393,4.393,4.393,4.393,-0.79
08,11,2005,4.428,4.428,4.428,4.428,-0.20
07,11,2005,4.437,4.437,4.437,4.437,-0.18
04,11,2005,4.445,4.445,4.445,4.445,0.84
03,11,2005,4.408,4.408,4.408,4.408,1.59
02,11,2005,4.339,4.339,4.339,4.339,0.39
01,11,2005,4.322,4.322,4.322,4.322,-0.76
31,10,2005,4.355,4.355,4.355,4.355,-1.05
28,10,2005,4.401,4.401,4.401,4.401,-0.47
27,10,2005,4.422,4.422,4.422,4.422,0.05
26,10,2005,4.420,4.420,4.420,4.420,0.98
25,10,2005,4.377,4.377,4.377,4.377,0.25
24,10,2005,4.366,4.366,4.366,4.366,-0.80
21,10,2005,4.401,4.401,4.401,4.401,0.69
20,10,2005,4.371,4.371,4.371,4.371,-0.68
19,10,2005,4.401,4.401,4.401,4.401,-0.47
18,10,2005,4.422,4.422,4.422,4.422,-0.27
17,10,2005,4.434,4.434,4.434,4.434,0.66
14,10,2005,4.405,4.405,4.405,4.405,1.80
13,10,2005,4.327,4.327,4.327,4.327,1.31
12,10,2005,4.271,4.271,4.271,4.271,0.52
11,10,2005,4.249,4.249,4.249,4.249,-0.47
10,10,2005,4.269,4.269,4.269,4.269,0.28
07,10,2005,4.257,4.257,4.257,4.257,-0.28
06,10,2005,4.269,4.269,4.269,4.269,-0.30
05,10,2005,4.282,4.282,4.282,4.282,-0.63
04,10,2005,4.309,4.309,4.309,4.309,0.51
03,10,2005,4.287,4.287,4.287,4.287,0.63
30,09,2005,4.260,4.260,4.260,4.260,0.00
29,09,2005,4.260,4.260,4.260,4.260,-0.77
28,09,2005,4.293,4.293,4.293,4.293,0.09
27,09,2005,4.289,4.289,4.289,4.289,1.71
26,09,2005,4.217,4.217,4.217,4.217,0.86
23,09,2005,4.181,4.181,4.181,4.181,0.48
22,09,2005,4.161,4.161,4.161,4.161,-1.61
21,09,2005,4.229,4.229,4.229,4.229,0.00
20,09,2005,4.229,4.229,4.229,4.229,-0.54
19,09,2005,4.252,4.252,4.252,4.252,1.48
16,09,2005,4.190,4.190,4.190,4.190,0.22
15,09,2005,4.181,4.181,4.181,4.181,-0.26
14,09,2005,4.192,4.192,4.192,4.192,-1.04
13,09,2005,4.236,4.236,4.236,4.236,1.85
12,09,2005,4.159,4.159,4.159,4.159,-0.53
09,09,2005,4.181,4.181,4.181,4.181,-0.83
08,09,2005,4.216,4.216,4.216,4.216,0.60
07,09,2005,4.191,4.191,4.191,4.191,1.11
06,09,2005,4.145,4.145,4.145,4.145,0.17
05,09,2005,4.138,4.138,4.138,4.138,0.58
02,09,2005,4.114,4.114,4.114,4.114,-0.82
01,09,2005,4.148,4.148,4.148,4.148,-0.65
31,08,2005,4.175,4.175,4.175,4.175,-1.16
30,08,2005,4.224,4.224,4.224,4.224,0.24
29,08,2005,4.214,4.214,4.214,4.214,0.10
26,08,2005,4.210,4.210,4.210,4.210,-0.57
25,08,2005,4.234,4.234,4.234,4.234,-0.28
24,08,2005,4.246,4.246,4.246,4.246,-0.45
23,08,2005,4.265,4.265,4.265,4.265,-0.05
22,08,2005,4.267,4.267,4.267,4.267,0.40
19,08,2005,4.250,4.250,4.250,4.250,-0.84
18,08,2005,4.286,4.286,4.286,4.286,-0.21
17,08,2005,4.295,4.295,4.295,4.295,-0.72
16,08,2005,4.326,4.326,4.326,4.326,-0.21
15,08,2005,4.335,4.335,4.335,4.335,-1.50
12,08,2005,4.401,4.401,4.401,4.401,0.11
11,08,2005,4.396,4.396,4.396,4.396,-0.07
10,08,2005,4.399,4.399,4.399,4.399,0.14
09,08,2005,4.393,4.393,4.393,4.393,-0.50
08,08,2005,4.415,4.415,4.415,4.415,1.35
05,08,2005,4.356,4.356,4.356,4.356,-0.23
04,08,2005,4.366,4.366,4.366,4.366,-0.25
03,08,2005,4.377,4.377,4.377,4.377,0.44
02,08,2005,4.358,4.358,4.358,4.358,1.11
01,08,2005,4.310,4.310,4.310,4.310,0.14
29,07,2005,4.304,4.304,4.304,4.304,0.14
28,07,2005,4.298,4.298,4.298,4.298,-0.23
27,07,2005,4.308,4.308,4.308,4.308,0.65
26,07,2005,4.280,4.280,4.280,4.280,-0.28
25,07,2005,4.292,4.292,4.292,4.292,-1.49
22,07,2005,4.357,4.357,4.357,4.357,0.60
21,07,2005,4.331,4.331,4.331,4.331,0.16
20,07,2005,4.324,4.324,4.324,4.324,0.82
19,07,2005,4.289,4.289,4.289,4.289,-1.02
18,07,2005,4.333,4.333,4.333,4.333,-0.16
15,07,2005,4.340,4.340,4.340,4.340,0.56
14,07,2005,4.316,4.316,4.316,4.316,-0.09
13,07,2005,4.320,4.320,4.320,4.320,0.68
12,07,2005,4.291,4.291,4.291,4.291,1.68
11,07,2005,4.220,4.220,4.220,4.220,0.48
08,07,2005,4.200,4.200,4.200,4.200,-1.94
07,07,2005,4.283,4.283,4.283,4.283,0.47
06,07,2005,4.263,4.263,4.263,4.263,1.09
05,07,2005,4.217,4.217,4.217,4.217,0.29
04,07,2005,4.205,4.205,4.205,4.205,0.82
01,07,2005,4.171,4.171,4.171,4.171,-1.04
30,06,2005,4.215,4.215,4.215,4.215,-0.33
29,06,2005,4.229,4.229,4.229,4.229,1.24
28,06,2005,4.177,4.177,4.177,4.177,-1.04
27,06,2005,4.221,4.221,4.221,4.221,-0.82
24,06,2005,4.256,4.256,4.256,4.256,0.07
23,06,2005,4.253,4.253,4.253,4.253,-2.16
22,06,2005,4.347,4.347,4.347,4.347,-1.54
21,06,2005,4.415,4.415,4.415,4.415,0.50
20,06,2005,4.393,4.393,4.393,4.393,-0.50
17,06,2005,4.415,4.415,4.415,4.415,0.48
16,06,2005,4.394,4.394,4.394,4.394,1.60
15,06,2005,4.325,4.325,4.325,4.325,0.72
14,06,2005,4.294,4.294,4.294,4.294,1.18
13,06,2005,4.244,4.244,4.244,4.244,0.17
10,06,2005,4.237,4.237,4.237,4.237,0.67
09,06,2005,4.209,4.209,4.209,4.209,-0.75
08,06,2005,4.241,4.241,4.241,4.241,-0.91
07,06,2005,4.280,4.280,4.280,4.280,0.49
06,06,2005,4.259,4.259,4.259,4.259,0.57
03,06,2005,4.235,4.235,4.235,4.235,-0.21
02,06,2005,4.244,4.244,4.244,4.244,-1.46
01,06,2005,4.307,4.307,4.307,4.307,-2.18
31,05,2005,4.403,4.403,4.403,4.403,0.36
30,05,2005,4.387,4.387,4.387,4.387,0.80
27,05,2005,4.352,4.352,4.352,4.352,0.88
26,05,2005,4.314,4.314,4.314,4.314,-0.39
25,05,2005,4.331,4.331,4.331,4.331,-0.57
24,05,2005,4.356,4.356,4.356,4.356,-0.82
23,05,2005,4.392,4.392,4.392,4.392,0.62
20,05,2005,4.365,4.365,4.365,4.365,0.48
19,05,2005,4.344,4.344,4.344,4.344,-0.14
18,05,2005,4.350,4.350,4.350,4.350,-0.37
17,05,2005,4.366,4.366,4.366,4.366,0.00
16,05,2005,4.366,4.366,4.366,4.366,-0.93
13,05,2005,4.407,4.407,4.407,4.407,-0.34
12,05,2005,4.422,4.422,4.422,4.422,-1.82
11,05,2005,4.504,4.504,4.504,4.504,-1.21
10,05,2005,4.559,4.559,4.559,4.559,-0.76
09,05,2005,4.594,4.594,4.594,4.594,1.59
06,05,2005,4.522,4.522,4.522,4.522,-0.46
05,05,2005,4.543,4.543,4.543,4.543,0.78
04,05,2005,4.508,4.508,4.508,4.508,-0.64
03,05,2005,4.537,4.537,4.537,4.537,0.24
02,05,2005,4.526,4.526,4.526,4.526,-0.22
29,04,2005,4.536,4.536,4.536,4.536,-0.40
28,04,2005,4.554,4.554,4.554,4.554,-0.39
27,04,2005,4.572,4.572,4.572,4.572,-0.09
26,04,2005,4.576,4.576,4.576,4.576,-0.37
25,04,2005,4.593,4.593,4.593,4.593,0.24
22,04,2005,4.582,4.582,4.582,4.582,-0.04
21,04,2005,4.584,4.584,4.584,4.584,-0.09
20,04,2005,4.588,4.588,4.588,4.588,0.24
19,04,2005,4.577,4.577,4.577,4.577,-0.69
18,04,2005,4.609,4.609,4.609,4.609,-0.92
15,04,2005,4.652,4.652,4.652,4.652,-0.15
14,04,2005,4.659,4.659,4.659,4.659,-0.51
13,04,2005,4.683,4.683,4.683,4.683,0.04
12,04,2005,4.681,4.681,4.681,4.681,-0.21
11,04,2005,4.691,4.691,4.691,4.691,0.93
08,04,2005,4.648,4.648,4.648,4.648,-1.17
07,04,2005,4.703,4.703,4.703,4.703,-0.15
06,04,2005,4.710,4.710,4.710,4.710,0.41
05,04,2005,4.691,4.691,4.691,4.691,-0.97
04,04,2005,4.737,4.737,4.737,4.737,1.00
01,04,2005,4.690,4.690,4.690,4.690,-0.85
31,03,2005,4.730,4.730,4.730,4.730,-1.05
30,03,2005,4.780,4.780,4.780,4.780,-0.81
29,03,2005,4.819,4.819,4.819,4.819,0.23
25,03,2005,4.808,4.808,4.808,4.808,-0.66
24,03,2005,4.840,4.840,4.840,4.840,1.30
23,03,2005,4.778,4.778,4.778,4.778,-1.20
22,03,2005,4.836,4.836,4.836,4.836,0.27
21,03,2005,4.823,4.823,4.823,4.823,0.46
18,03,2005,4.801,4.801,4.801,4.801,0.54
17,03,2005,4.775,4.775,4.775,4.775,-0.31
16,03,2005,4.790,4.790,4.790,4.790,-1.34
15,03,2005,4.855,4.855,4.855,4.855,0.00
14,03,2005,4.855,4.855,4.855,4.855,-0.39
11,03,2005,4.874,4.874,4.874,4.874,0.14
10,03,2005,4.867,4.867,4.867,4.867,0.50
09,03,2005,4.843,4.843,4.843,4.843,1.09
08,03,2005,4.791,4.791,4.791,4.791,0.06
07,03,2005,4.788,4.788,4.788,4.788,-0.77
04,03,2005,4.825,4.825,4.825,4.825,-0.31
03,03,2005,4.840,4.840,4.840,4.840,1.06
02,03,2005,4.789,4.789,4.789,4.789,0.19
01,03,2005,4.780,4.780,4.780,4.780,0.40
28,02,2005,4.761,4.761,4.761,4.761,-0.61
25,02,2005,4.790,4.790,4.790,4.790,0.44
24,02,2005,4.769,4.769,4.769,4.769,0.89
23,02,2005,4.727,4.727,4.727,4.727,0.02
22,02,2005,4.726,4.726,4.726,4.726,0.85
21,02,2005,4.686,4.686,4.686,4.686,1.36
18,02,2005,4.623,4.623,4.623,4.623,0.70
17,02,2005,4.591,4.591,4.591,4.591,0.39
16,02,2005,4.573,4.573,4.573,4.573,0.13
15,02,2005,4.567,4.567,4.567,4.567,1.02
14,02,2005,4.521,4.521,4.521,4.521,0.60
11,02,2005,4.494,4.494,4.494,4.494,0.47
10,02,2005,4.473,4.473,4.473,4.473,0.34
09,02,2005,4.458,4.458,4.458,4.458,-0.96
08,02,2005,4.501,4.501,4.501,4.501,-0.51
07,02,2005,4.524,4.524,4.524,4.524,-1.76
04,02,2005,4.605,4.605,4.605,4.605,0.24
03,02,2005,4.594,4.594,4.594,4.594,0.11
02,02,2005,4.589,4.589,4.589,4.589,-0.33
01,02,2005,4.604,4.604,4.604,4.604,0.00
31,01,2005,4.604,4.604,4.604,4.604,-0.65
28,01,2005,4.634,4.634,4.634,4.634,0.76
27,01,2005,4.599,4.599,4.599,4.599,0.31
26,01,2005,4.585,4.585,4.585,4.585,-0.09
25,01,2005,4.589,4.589,4.589,4.589,-0.22
24,01,2005,4.599,4.599,4.599,4.599,-0.22
21,01,2005,4.609,4.609,4.609,4.609,0.90
20,01,2005,4.568,4.568,4.568,4.568,0.48
19,01,2005,4.546,4.546,4.546,4.546,1.34
18,01,2005,4.486,4.486,4.486,4.486,-0.24
17,01,2005,4.497,4.497,4.497,4.497,0.20
14,01,2005,4.488,4.488,4.488,4.488,-1.10
13,01,2005,4.538,4.538,4.538,4.538,0.53
12,01,2005,4.514,4.514,4.514,4.514,0.20
11,01,2005,4.505,4.505,4.505,4.505,-0.16
10,01,2005,4.512,4.512,4.512,4.512,-0.13
07,01,2005,4.518,4.518,4.518,4.518,-0.55
06,01,2005,4.543,4.543,4.543,4.543,0.31
05,01,2005,4.529,4.529,4.529,4.529,-0.44
04,01,2005,4.549,4.549,4.549,4.549,-0.55
31,12,2004,4.574,4.574,4.574,4.574,-0.15
30,12,2004,4.581,4.581,4.581,4.581,2.76
29,12,2004,4.458,4.458,4.458,4.458,0.02
27,12,2004,4.457,4.457,4.457,4.457,0.13
24,12,2004,4.451,4.451,4.451,4.451,-0.25
23,12,2004,4.462,4.462,4.462,4.462,-0.65
22,12,2004,4.491,4.491,4.491,4.491,0.58
21,12,2004,4.465,4.465,4.465,4.465,-0.58
20,12,2004,4.491,4.491,4.491,4.491,0.45
17,12,2004,4.471,4.471,4.471,4.471,0.43
16,12,2004,4.452,4.452,4.452,4.452,-1.24
15,12,2004,4.508,4.508,4.508,4.508,-0.02
14,12,2004,4.509,4.509,4.509,4.509,-0.27
13,12,2004,4.521,4.521,4.521,4.521,-0.11
10,12,2004,4.526,4.526,4.526,4.526,-0.20
09,12,2004,4.535,4.535,4.535,4.535,-0.85
08,12,2004,4.574,4.574,4.574,4.574,-0.50
07,12,2004,4.597,4.597,4.597,4.597,-1.01
06,12,2004,4.644,4.644,4.644,4.644,-0.81
03,12,2004,4.682,4.682,4.682,4.682,1.43
02,12,2004,4.616,4.616,4.616,4.616,0.48
01,12,2004,4.594,4.594,4.594,4.594,-0.02
30,11,2004,4.595,4.595,4.595,4.595,0.44
29,11,2004,4.575,4.575,4.575,4.575,0.11
26,11,2004,4.570,4.570,4.570,4.570,-0.89
25,11,2004,4.611,4.611,4.611,4.611,-0.19
24,11,2004,4.620,4.620,4.620,4.620,-0.37
23,11,2004,4.637,4.637,4.637,4.637,-0.98
22,11,2004,4.683,4.683,4.683,4.683,-0.47
19,11,2004,4.705,4.705,4.705,4.705,0.00
18,11,2004,4.705,4.705,4.705,4.705,1.84
17,11,2004,4.620,4.620,4.620,4.620,-0.39
16,11,2004,4.638,4.638,4.638,4.638,-0.43
15,11,2004,4.658,4.658,4.658,4.658,-0.89
12,11,2004,4.700,4.700,4.700,4.700,-1.01
11,11,2004,4.748,4.748,4.748,4.748,-0.17
10,11,2004,4.756,4.756,4.756,4.756,-0.61
09,11,2004,4.785,4.785,4.785,4.785,-0.23
08,11,2004,4.796,4.796,4.796,4.796,1.18
05,11,2004,4.740,4.740,4.740,4.740,-1.09
04,11,2004,4.792,4.792,4.792,4.792,-0.39
03,11,2004,4.811,4.811,4.811,4.811,1.41
02,11,2004,4.744,4.744,4.744,4.744,0.17
01,11,2004,4.736,4.736,4.736,4.736,-0.25
29,10,2004,4.748,4.748,4.748,4.748,0.79
28,10,2004,4.711,4.711,4.711,4.711,0.47
27,10,2004,4.689,4.689,4.689,4.689,0.21
26,10,2004,4.679,4.679,4.679,4.679,-0.43
25,10,2004,4.699,4.699,4.699,4.699,0.00
22,10,2004,4.699,4.699,4.699,4.699,-0.11
21,10,2004,4.704,4.704,4.704,4.704,-1.05
20,10,2004,4.754,4.754,4.754,4.754,0.70
19,10,2004,4.721,4.721,4.721,4.721,-0.30
18,10,2004,4.735,4.735,4.735,4.735,0.13
15,10,2004,4.729,4.729,4.729,4.729,-0.44
14,10,2004,4.750,4.750,4.750,4.750,0.08
13,10,2004,4.746,4.746,4.746,4.746,0.00
12,10,2004,4.746,4.746,4.746,4.746,-0.94
11,10,2004,4.791,4.791,4.791,4.791,-1.44
08,10,2004,4.861,4.861,4.861,4.861,0.50
07,10,2004,4.837,4.837,4.837,4.837,-0.08
06,10,2004,4.841,4.841,4.841,4.841,-1.00
05,10,2004,4.890,4.890,4.890,4.890,0.53
04,10,2004,4.864,4.864,4.864,4.864,0.66
01,10,2004,4.832,4.832,4.832,4.832,0.00
30,09,2004,4.832,4.832,4.832,4.832,0.44
29,09,2004,4.811,4.811,4.811,4.811,0.33
28,09,2004,4.795,4.795,4.795,4.795,-0.72
27,09,2004,4.830,4.830,4.830,4.830,0.42
24,09,2004,4.810,4.810,4.810,4.810,0.04
23,09,2004,4.808,4.808,4.808,4.808,-1.52
22,09,2004,4.882,4.882,4.882,4.882,-0.27
21,09,2004,4.895,4.895,4.895,4.895,-0.41
20,09,2004,4.915,4.915,4.915,4.915,-0.39
17,09,2004,4.934,4.934,4.934,4.934,0.41
16,09,2004,4.914,4.914,4.914,4.914,0.10
15,09,2004,4.909,4.909,4.909,4.909,-0.37
14,09,2004,4.927,4.927,4.927,4.927,0.43
13,09,2004,4.906,4.906,4.906,4.906,-0.43
10,09,2004,4.927,4.927,4.927,4.927,-0.85
09,09,2004,4.969,4.969,4.969,4.969,-0.20
08,09,2004,4.979,4.979,4.979,4.979,0.14
07,09,2004,4.972,4.972,4.972,4.972,-1.07
06,09,2004,5.026,5.026,5.026,5.026,1.27
03,09,2004,4.963,4.963,4.963,4.963,0.69
02,09,2004,4.929,4.929,4.929,4.929,0.22
01,09,2004,4.918,4.918,4.918,4.918,-0.75
31,08,2004,4.955,4.955,4.955,4.955,-0.06
30,08,2004,4.958,4.958,4.958,4.958,0.00
27,08,2004,4.958,4.958,4.958,4.958,0.20
26,08,2004,4.948,4.948,4.948,4.948,-1.12
25,08,2004,5.004,5.004,5.004,5.004,-0.28
24,08,2004,5.018,5.018,5.018,5.018,1.85
23,08,2004,4.927,4.927,4.927,4.927,-0.08
20,08,2004,4.931,4.931,4.931,4.931,-0.40
19,08,2004,4.951,4.951,4.951,4.951,0.00
18,08,2004,4.951,4.951,4.951,4.951,-0.26
17,08,2004,4.964,4.964,4.964,4.964,0.59
16,08,2004,4.935,4.935,4.935,4.935,-0.12
13,08,2004,4.941,4.941,4.941,4.941,-0.84
12,08,2004,4.983,4.983,4.983,4.983,0.97
11,08,2004,4.935,4.935,4.935,4.935,-0.48
10,08,2004,4.959,4.959,4.959,4.959,0.77
09,08,2004,4.921,4.921,4.921,4.921,-1.52
06,08,2004,4.997,4.997,4.997,4.997,-1.40
05,08,2004,5.068,5.068,5.068,5.068,-0.41
04,08,2004,5.089,5.089,5.089,5.089,-0.04
03,08,2004,5.091,5.091,5.091,5.091,0.02
02,08,2004,5.090,5.090,5.090,5.090,-1.55
30,07,2004,5.170,5.170,5.170,5.170,0.06
29,07,2004,5.167,5.167,5.167,5.167,0.10
28,07,2004,5.162,5.162,5.162,5.162,0.27
27,07,2004,5.148,5.148,5.148,5.148,0.49
26,07,2004,5.123,5.123,5.123,5.123,0.39
23,07,2004,5.103,5.103,5.103,5.103,-0.45
22,07,2004,5.126,5.126,5.126,5.126,1.77
21,07,2004,5.037,5.037,5.037,5.037,0.12
20,07,2004,5.031,5.031,5.031,5.031,0.18
19,07,2004,5.022,5.022,5.022,5.022,-1.45
16,07,2004,5.096,5.096,5.096,5.096,0.18
15,07,2004,5.087,5.087,5.087,5.087,-0.41
14,07,2004,5.108,5.108,5.108,5.108,1.39
13,07,2004,5.038,5.038,5.038,5.038,-0.24
12,07,2004,5.050,5.050,5.050,5.050,0.38
09,07,2004,5.031,5.031,5.031,5.031,0.00
08,07,2004,5.031,5.031,5.031,5.031,-0.08
07,07,2004,5.035,5.035,5.035,5.035,-0.30
06,07,2004,5.050,5.050,5.050,5.050,-0.02
05,07,2004,5.051,5.051,5.051,5.051,-0.79
02,07,2004,5.091,5.091,5.091,5.091,-0.12
01,07,2004,5.097,5.097,5.097,5.097,-0.08
30,06,2004,5.101,5.101,5.101,5.101,-1.18
29,06,2004,5.162,5.162,5.162,5.162,0.78
28,06,2004,5.122,5.122,5.122,5.122,0.57
25,06,2004,5.093,5.093,5.093,5.093,-1.11
24,06,2004,5.150,5.150,5.150,5.150,-0.52
23,06,2004,5.177,5.177,5.177,5.177,-0.15
22,06,2004,5.185,5.185,5.185,5.185,0.35
21,06,2004,5.167,5.167,5.167,5.167,-0.08
18,06,2004,5.171,5.171,5.171,5.171,-1.00
17,06,2004,5.223,5.223,5.223,5.223,1.44
16,06,2004,5.149,5.149,5.149,5.149,-1.79
15,06,2004,5.243,5.243,5.243,5.243,0.25
14,06,2004,5.230,5.230,5.230,5.230,0.46
11,06,2004,5.206,5.206,5.206,5.206,-0.69
10,06,2004,5.242,5.242,5.242,5.242,1.16
09,06,2004,5.182,5.182,5.182,5.182,-0.37
08,06,2004,5.201,5.201,5.201,5.201,-0.27
07,06,2004,5.215,5.215,5.215,5.215,0.19
04,06,2004,5.205,5.205,5.205,5.205,-0.15
03,06,2004,5.213,5.213,5.213,5.213,0.21
02,06,2004,5.202,5.202,5.202,5.202,0.12
01,06,2004,5.196,5.196,5.196,5.196,0.87
31,05,2004,5.151,5.151,5.151,5.151,1.18
28,05,2004,5.091,5.091,5.091,5.091,-0.53
27,05,2004,5.118,5.118,5.118,5.118,-0.60
26,05,2004,5.149,5.149,5.149,5.149,-0.58
25,05,2004,5.179,5.179,5.179,5.179,0.64
24,05,2004,5.146,5.146,5.146,5.146,-0.06
21,05,2004,5.149,5.149,5.149,5.149,-0.14
20,05,2004,5.156,5.156,5.156,5.156,1.26
19,05,2004,5.092,5.092,5.092,5.092,1.01
18,05,2004,5.041,5.041,5.041,5.041,-0.10
17,05,2004,5.046,5.046,5.046,5.046,-0.79
14,05,2004,5.086,5.086,5.086,5.086,-1.19
13,05,2004,5.147,5.147,5.147,5.147,1.32
12,05,2004,5.080,5.080,5.080,5.080,-0.04
11,05,2004,5.082,5.082,5.082,5.082,-0.47
10,05,2004,5.106,5.106,5.106,5.106,1.65
07,05,2004,5.023,5.023,5.023,5.023,1.21
06,05,2004,4.963,4.963,4.963,4.963,0.30
05,05,2004,4.948,4.948,4.948,4.948,-0.68
04,05,2004,4.982,4.982,4.982,4.982,0.04
03,05,2004,4.980,4.980,4.980,4.980,-0.10
30,04,2004,4.985,4.985,4.985,4.985,-0.48
29,04,2004,5.009,5.009,5.009,5.009,0.42
28,04,2004,4.988,4.988,4.988,4.988,-0.02
27,04,2004,4.989,4.989,4.989,4.989,0.56
26,04,2004,4.961,4.961,4.961,4.961,-0.02
23,04,2004,4.962,4.962,4.962,4.962,0.14
22,04,2004,4.955,4.955,4.955,4.955,-0.32
21,04,2004,4.971,4.971,4.971,4.971,0.00
20,04,2004,4.971,4.971,4.971,4.971,1.04
19,04,2004,4.920,4.920,4.920,4.920,-1.05
16,04,2004,4.972,4.972,4.972,4.972,0.00
15,04,2004,4.972,4.972,4.972,4.972,-0.22
14,04,2004,4.983,4.983,4.983,4.983,2.15
13,04,2004,4.878,4.878,4.878,4.878,-0.22
09,04,2004,4.889,4.889,4.889,4.889,0.23
08,04,2004,4.878,4.878,4.878,4.878,-0.85
07,04,2004,4.920,4.920,4.920,4.920,-0.30
06,04,2004,4.935,4.935,4.935,4.935,0.76
05,04,2004,4.898,4.898,4.898,4.898,2.55
02,04,2004,4.776,4.776,4.776,4.776,0.51
01,04,2004,4.752,4.752,4.752,4.752,-0.81
31,03,2004,4.791,4.791,4.791,4.791,0.02
30,03,2004,4.790,4.790,4.790,4.790,2.31
29,03,2004,4.682,4.682,4.682,4.682,0.30
26,03,2004,4.668,4.668,4.668,4.668,0.39
25,03,2004,4.650,4.650,4.650,4.650,-0.53
24,03,2004,4.675,4.675,4.675,4.675,-0.06
23,03,2004,4.678,4.678,4.678,4.678,-0.34
22,03,2004,4.694,4.694,4.694,4.694,0.43
19,03,2004,4.674,4.674,4.674,4.674,-0.06
18,03,2004,4.677,4.677,4.677,4.677,-0.13
17,03,2004,4.683,4.683,4.683,4.683,1.04
16,03,2004,4.635,4.635,4.635,4.635,-0.09
15,03,2004,4.639,4.639,4.639,4.639,-0.34
12,03,2004,4.655,4.655,4.655,4.655,0.39
11,03,2004,4.637,4.637,4.637,4.637,-0.13
10,03,2004,4.643,4.643,4.643,4.643,-0.66
09,03,2004,4.674,4.674,4.674,4.674,-0.76
08,03,2004,4.710,4.710,4.710,4.710,-0.63
05,03,2004,4.740,4.740,4.740,4.740,-2.09
04,03,2004,4.841,4.841,4.841,4.841,-0.80
03,03,2004,4.880,4.880,4.880,4.880,2.01
02,03,2004,4.784,4.784,4.784,4.784,-0.15
01,03,2004,4.791,4.791,4.791,4.791,0.63
27,02,2004,4.761,4.761,4.761,4.761,-0.85
26,02,2004,4.802,4.802,4.802,4.802,0.48
25,02,2004,4.779,4.779,4.779,4.779,-0.95
24,02,2004,4.825,4.825,4.825,4.825,-0.56
23,02,2004,4.852,4.852,4.852,4.852,0.33
20,02,2004,4.836,4.836,4.836,4.836,-0.02
19,02,2004,4.837,4.837,4.837,4.837,0.98
18,02,2004,4.790,4.790,4.790,4.790,0.46
17,02,2004,4.768,4.768,4.768,4.768,-0.23
16,02,2004,4.779,4.779,4.779,4.779,0.21
13,02,2004,4.769,4.769,4.769,4.769,0.51
12,02,2004,4.745,4.745,4.745,4.745,-1.23
11,02,2004,4.804,4.804,4.804,4.804,0.21
10,02,2004,4.794,4.794,4.794,4.794,-0.25
09,02,2004,4.806,4.806,4.806,4.806,-0.48
06,02,2004,4.829,4.829,4.829,4.829,-0.62
05,02,2004,4.859,4.859,4.859,4.859,-0.10
04,02,2004,4.864,4.864,4.864,4.864,-0.59
03,02,2004,4.893,4.893,4.893,4.893,-0.14
02,02,2004,4.900,4.900,4.900,4.900,-0.08
30,01,2004,4.904,4.904,4.904,4.904,-0.35
29,01,2004,4.921,4.921,4.921,4.921,1.95
28,01,2004,4.827,4.827,4.827,4.827,0.37
27,01,2004,4.809,4.809,4.809,4.809,-0.39
26,01,2004,4.828,4.828,4.828,4.828,1.34
23,01,2004,4.764,4.764,4.764,4.764,-0.38
22,01,2004,4.782,4.782,4.782,4.782,0.17
21,01,2004,4.774,4.774,4.774,4.774,1.04
20,01,2004,4.725,4.725,4.725,4.725,0.45
19,01,2004,4.704,4.704,4.704,4.704,-0.04
16,01,2004,4.706,4.706,4.706,4.706,0.53
15,01,2004,4.681,4.681,4.681,4.681,0.41
14,01,2004,4.662,4.662,4.662,4.662,0.39
13,01,2004,4.644,4.644,4.644,4.644,0.11
12,01,2004,4.639,4.639,4.639,4.639,-0.64
09,01,2004,4.669,4.669,4.669,4.669,-2.59
08,01,2004,4.793,4.793,4.793,4.793,-0.21
07,01,2004,4.803,4.803,4.803,4.803,-0.58
06,01,2004,4.831,4.831,4.831,4.831,-0.60
05,01,2004,4.860,4.860,4.860,4.860,0.54
02,01,2004,4.834,4.834,4.834,4.834,1.55
01,01,2004,4.760,4.760,4.760,4.760,-0.15
31,12,2003,4.767,4.767,4.767,4.767,-0.77
30,12,2003,4.804,4.804,4.804,4.804,0.97
29,12,2003,4.758,4.758,4.758,4.758,0.23
26,12,2003,4.747,4.747,4.747,4.747,-0.02
24,12,2003,4.748,4.748,4.748,4.748,0.04
23,12,2003,4.746,4.746,4.746,4.746,-0.32
22,12,2003,4.761,4.761,4.761,4.761,-0.27
19,12,2003,4.774,4.774,4.774,4.774,0.89
18,12,2003,4.732,4.732,4.732,4.732,-0.06
17,12,2003,4.735,4.735,4.735,4.735,-0.38
16,12,2003,4.753,4.753,4.753,4.753,-1.51
15,12,2003,4.826,4.826,4.826,4.826,0.00
12,12,2003,4.826,4.826,4.826,4.826,-2.07
11,12,2003,4.928,4.928,4.928,4.928,0.72
10,12,2003,4.893,4.893,4.893,4.893,-0.81
09,12,2003,4.933,4.933,4.933,4.933,-0.04
08,12,2003,4.935,4.935,4.935,4.935,0.84
05,12,2003,4.894,4.894,4.894,4.894,-2.33
04,12,2003,5.011,5.011,5.011,5.011,-0.48
03,12,2003,5.035,5.035,5.035,5.035,-0.45
02,12,2003,5.058,5.058,5.058,5.058,0.28
01,12,2003,5.044,5.044,5.044,5.044,0.18
28,11,2003,5.035,5.035,5.035,5.035,0.22
27,11,2003,5.024,5.024,5.024,5.024,0.88
26,11,2003,4.980,4.980,4.980,4.980,-1.60
25,11,2003,5.061,5.061,5.061,5.061,0.28
24,11,2003,5.047,5.047,5.047,5.047,1.39
21,11,2003,4.978,4.978,4.978,4.978,-0.22
20,11,2003,4.989,4.989,4.989,4.989,-0.02
19,11,2003,4.990,4.990,4.990,4.990,1.30
18,11,2003,4.926,4.926,4.926,4.926,-0.22
17,11,2003,4.937,4.937,4.937,4.937,-0.62
14,11,2003,4.968,4.968,4.968,4.968,-0.32
13,11,2003,4.984,4.984,4.984,4.984,-1.23
12,11,2003,5.046,5.046,5.046,5.046,-0.43
11,11,2003,5.068,5.068,5.068,5.068,0.20
10,11,2003,5.058,5.058,5.058,5.058,-0.43
07,11,2003,5.080,5.080,5.080,5.080,0.04
06,11,2003,5.078,5.078,5.078,5.078,1.50
05,11,2003,5.003,5.003,5.003,5.003,-0.97
04,11,2003,5.052,5.052,5.052,5.052,-1.21
03,11,2003,5.114,5.114,5.114,5.114,2.12
31,10,2003,5.008,5.008,5.008,5.008,-0.87
30,10,2003,5.052,5.052,5.052,5.052,0.10
29,10,2003,5.047,5.047,5.047,5.047,1.04
28,10,2003,4.995,4.995,4.995,4.995,-0.42
27,10,2003,5.016,5.016,5.016,5.016,0.95
24,10,2003,4.969,4.969,4.969,4.969,0.32
23,10,2003,4.953,4.953,4.953,4.953,0.59
22,10,2003,4.924,4.924,4.924,4.924,1.17
21,10,2003,4.867,4.867,4.867,4.867,-0.67
20,10,2003,4.900,4.900,4.900,4.900,-0.16
17,10,2003,4.908,4.908,4.908,4.908,0.33
16,10,2003,4.892,4.892,4.892,4.892,-0.35
15,10,2003,4.909,4.909,4.909,4.909,1.15
14,10,2003,4.853,4.853,4.853,4.853,0.68
13,10,2003,4.820,4.820,4.820,4.820,1.80
10,10,2003,4.735,4.735,4.735,4.735,-1.46
09,10,2003,4.805,4.805,4.805,4.805,1.20
08,10,2003,4.748,4.748,4.748,4.748,0.21
07,10,2003,4.738,4.738,4.738,4.738,0.68
06,10,2003,4.706,4.706,4.706,4.706,-0.72
03,10,2003,4.740,4.740,4.740,4.740,1.98
02,10,2003,4.648,4.648,4.648,4.648,2.54
01,10,2003,4.533,4.533,4.533,4.533,0.02
30,09,2003,4.532,4.532,4.532,4.532,-0.64
29,09,2003,4.561,4.561,4.561,4.561,0.77
26,09,2003,4.526,4.526,4.526,4.526,-1.67
25,09,2003,4.603,4.603,4.603,4.603,-0.15
24,09,2003,4.610,4.610,4.610,4.610,0.26
23,09,2003,4.598,4.598,4.598,4.598,-0.30
22,09,2003,4.612,4.612,4.612,4.612,-0.19
19,09,2003,4.621,4.621,4.621,4.621,-0.30
18,09,2003,4.635,4.635,4.635,4.635,-0.47
17,09,2003,4.657,4.657,4.657,4.657,0.50
16,09,2003,4.634,4.634,4.634,4.634,1.16
15,09,2003,4.581,4.581,4.581,4.581,0.68
12,09,2003,4.550,4.550,4.550,4.550,-2.59
11,09,2003,4.671,4.671,4.671,4.671,0.54
10,09,2003,4.646,4.646,4.646,4.646,-1.34
09,09,2003,4.709,4.709,4.709,4.709,1.42
08,09,2003,4.643,4.643,4.643,4.643,-1.07
05,09,2003,4.693,4.693,4.693,4.693,-1.01
04,09,2003,4.741,4.741,4.741,4.741,-0.34
03,09,2003,4.757,4.757,4.757,4.757,0.32
02,09,2003,4.742,4.742,4.742,4.742,2.80
01,09,2003,4.613,4.613,4.613,4.613,0.22
29,08,2003,4.603,4.603,4.603,4.603,0.46
28,08,2003,4.582,4.582,4.582,4.582,-0.84
27,08,2003,4.621,4.621,4.621,4.621,0.57
26,08,2003,4.595,4.595,4.595,4.595,0.15
25,08,2003,4.588,4.588,4.588,4.588,-0.07
22,08,2003,4.591,4.591,4.591,4.591,-0.11
21,08,2003,4.596,4.596,4.596,4.596,0.50
20,08,2003,4.573,4.573,4.573,4.573,0.79
19,08,2003,4.537,4.537,4.537,4.537,-0.26
18,08,2003,4.549,4.549,4.549,4.549,-0.24
15,08,2003,4.560,4.560,4.560,4.560,-0.89
14,08,2003,4.601,4.601,4.601,4.601,1.19
13,08,2003,4.547,4.547,4.547,4.547,2.41
12,08,2003,4.440,4.440,4.440,4.440,0.48
11,08,2003,4.419,4.419,4.419,4.419,1.63
08,08,2003,4.348,4.348,4.348,4.348,-1.96
07,08,2003,4.435,4.435,4.435,4.435,-0.72
06,08,2003,4.467,4.467,4.467,4.467,-1.48
05,08,2003,4.534,4.534,4.534,4.534,0.64
04,08,2003,4.505,4.505,4.505,4.505,-0.66
01,08,2003,4.535,4.535,4.535,4.535,0.22
31,07,2003,4.525,4.525,4.525,4.525,1.91
30,07,2003,4.440,4.440,4.440,4.440,0.59
29,07,2003,4.414,4.414,4.414,4.414,-1.45
28,07,2003,4.479,4.479,4.479,4.479,2.80
25,07,2003,4.357,4.357,4.357,4.357,-1.51
24,07,2003,4.424,4.424,4.424,4.424,1.51
23,07,2003,4.358,4.358,4.358,4.358,-0.68
22,07,2003,4.388,4.388,4.388,4.388,-0.57
21,07,2003,4.413,4.413,4.413,4.413,1.12
18,07,2003,4.364,4.364,4.364,4.364,-0.50
17,07,2003,4.386,4.386,4.386,4.386,1.04
16,07,2003,4.341,4.341,4.341,4.341,0.98
15,07,2003,4.299,4.299,4.299,4.299,2.31
14,07,2003,4.202,4.202,4.202,4.202,-0.36
11,07,2003,4.217,4.217,4.217,4.217,-0.31
10,07,2003,4.230,4.230,4.230,4.230,-1.63
09,07,2003,4.300,4.300,4.300,4.300,0.00
08,07,2003,4.300,4.300,4.300,4.300,-0.09
07,07,2003,4.304,4.304,4.304,4.304,0.73
04,07,2003,4.273,4.273,4.273,4.273,-0.88
03,07,2003,4.311,4.311,4.311,4.311,1.44
02,07,2003,4.250,4.250,4.250,4.250,2.51
01,07,2003,4.146,4.146,4.146,4.146,-0.22
30,06,2003,4.155,4.155,4.155,4.155,-1.26
27,06,2003,4.208,4.208,4.208,4.208,1.08
26,06,2003,4.163,4.163,4.163,4.163,3.35
25,06,2003,4.028,4.028,4.028,4.028,-0.93
24,06,2003,4.066,4.066,4.066,4.066,0.64
23,06,2003,4.040,4.040,4.040,4.040,-0.47
20,06,2003,4.059,4.059,4.059,4.059,0.10
19,06,2003,4.055,4.055,4.055,4.055,0.47
18,06,2003,4.036,4.036,4.036,4.036,2.28
17,06,2003,3.946,3.946,3.946,3.946,1.86
16,06,2003,3.874,3.874,3.874,3.874,0.52
13,06,2003,3.854,3.854,3.854,3.854,-1.53
12,06,2003,3.914,3.914,3.914,3.914,0.57
11,06,2003,3.892,3.892,3.892,3.892,-0.71
10,06,2003,3.920,3.920,3.920,3.920,-0.56
09,06,2003,3.942,3.942,3.942,3.942,-2.64
06,06,2003,4.049,4.049,4.049,4.049,1.45
05,06,2003,3.991,3.991,3.991,3.991,-1.60
04,06,2003,4.056,4.056,4.056,4.056,1.32
03,06,2003,4.003,4.003,4.003,4.003,-2.44
02,06,2003,4.103,4.103,4.103,4.103,1.03
30,05,2003,4.061,4.061,4.061,4.061,0.57
29,05,2003,4.038,4.038,4.038,4.038,-1.63
28,05,2003,4.105,4.105,4.105,4.105,2.34
27,05,2003,4.011,4.011,4.011,4.011,0.85
23,05,2003,3.977,3.977,3.977,3.977,-1.14
22,05,2003,4.023,4.023,4.023,4.023,-0.20
21,05,2003,4.031,4.031,4.031,4.031,-0.69
20,05,2003,4.059,4.059,4.059,4.059,-0.66
19,05,2003,4.086,4.086,4.086,4.086,-0.99
16,05,2003,4.127,4.127,4.127,4.127,-1.10
15,05,2003,4.173,4.173,4.173,4.173,-0.76
14,05,2003,4.205,4.205,4.205,4.205,0.21
13,05,2003,4.196,4.196,4.196,4.196,0.05
12,05,2003,4.194,4.194,4.194,4.194,-0.83
09,05,2003,4.229,4.229,4.229,4.229,-0.09
08,05,2003,4.233,4.233,4.233,4.233,-0.52
07,05,2003,4.255,4.255,4.255,4.255,-2.07
06,05,2003,4.345,4.345,4.345,4.345,-0.14
05,05,2003,4.351,4.351,4.351,4.351,0.18
02,05,2003,4.343,4.343,4.343,4.343,1.76
01,05,2003,4.268,4.268,4.268,4.268,-1.64
30,04,2003,4.339,4.339,4.339,4.339,-0.37
29,04,2003,4.355,4.355,4.355,4.355,0.69
28,04,2003,4.325,4.325,4.325,4.325,-0.41
25,04,2003,4.343,4.343,4.343,4.343,-0.30
24,04,2003,4.356,4.356,4.356,4.356,-1.54
23,04,2003,4.424,4.424,4.424,4.424,0.91
22,04,2003,4.384,4.384,4.384,4.384,-0.54
18,04,2003,4.408,4.408,4.408,4.408,0.16
17,04,2003,4.401,4.401,4.401,4.401,-0.23
16,04,2003,4.411,4.411,4.411,4.411,-1.10
15,04,2003,4.460,4.460,4.460,4.460,-0.49
14,04,2003,4.482,4.482,4.482,4.482,0.61
11,04,2003,4.455,4.455,4.455,4.455,1.30
10,04,2003,4.398,4.398,4.398,4.398,-1.28
09,04,2003,4.455,4.455,4.455,4.455,-0.38
08,04,2003,4.472,4.472,4.472,4.472,-0.78
07,04,2003,4.507,4.507,4.507,4.507,1.67
04,04,2003,4.433,4.433,4.433,4.433,0.25
03,04,2003,4.422,4.422,4.422,4.422,1.10
02,04,2003,4.374,4.374,4.374,4.374,1.56
01,04,2003,4.307,4.307,4.307,4.307,0.51
31,03,2003,4.285,4.285,4.285,4.285,-1.99
28,03,2003,4.372,4.372,4.372,4.372,-0.39
27,03,2003,4.389,4.389,4.389,4.389,-1.44
26,03,2003,4.453,4.453,4.453,4.453,0.00
25,03,2003,4.453,4.453,4.453,4.453,-0.54
24,03,2003,4.477,4.477,4.477,4.477,-0.51
21,03,2003,4.500,4.500,4.500,4.500,0.69
20,03,2003,4.469,4.469,4.469,4.469,-0.40
19,03,2003,4.487,4.487,4.487,4.487,2.58
18,03,2003,4.374,4.374,4.374,4.374,-0.09
17,03,2003,4.378,4.378,4.378,4.378,2.96
14,03,2003,4.252,4.252,4.252,4.252,1.60
13,03,2003,4.185,4.185,4.185,4.185,3.82
12,03,2003,4.031,4.031,4.031,4.031,0.20
11,03,2003,4.023,4.023,4.023,4.023,0.02
10,03,2003,4.022,4.022,4.022,4.022,-0.69
07,03,2003,4.050,4.050,4.050,4.050,-1.24
06,03,2003,4.101,4.101,4.101,4.101,-0.12
05,03,2003,4.106,4.106,4.106,4.106,0.07
04,03,2003,4.103,4.103,4.103,4.103,0.02
03,03,2003,4.102,4.102,4.102,4.102,-1.42
28,02,2003,4.161,4.161,4.161,4.161,-1.51
27,02,2003,4.225,4.225,4.225,4.225,1.32
26,02,2003,4.170,4.170,4.170,4.170,0.65
25,02,2003,4.143,4.143,4.143,4.143,-0.14
24,02,2003,4.149,4.149,4.149,4.149,-0.69
21,02,2003,4.178,4.178,4.178,4.178,1.02
20,02,2003,4.136,4.136,4.136,4.136,-0.43
19,02,2003,4.154,4.154,4.154,4.154,-1.24
18,02,2003,4.206,4.206,4.206,4.206,0.19
17,02,2003,4.198,4.198,4.198,4.198,0.17
14,02,2003,4.191,4.191,4.191,4.191,1.43
13,02,2003,4.132,4.132,4.132,4.132,-0.29
12,02,2003,4.144,4.144,4.144,4.144,-1.24
11,02,2003,4.196,4.196,4.196,4.196,-0.26
10,02,2003,4.207,4.207,4.207,4.207,0.19
07,02,2003,4.199,4.199,4.199,4.199,-0.40
06,02,2003,4.216,4.216,4.216,4.216,-0.45
05,02,2003,4.235,4.235,4.235,4.235,0.19
04,02,2003,4.227,4.227,4.227,4.227,-1.45
03,02,2003,4.289,4.289,4.289,4.289,0.37
31,01,2003,4.273,4.273,4.273,4.273,-0.23
30,01,2003,4.283,4.283,4.283,4.283,1.32
29,01,2003,4.227,4.227,4.227,4.227,-0.19
28,01,2003,4.235,4.235,4.235,4.235,0.67
27,01,2003,4.207,4.207,4.207,4.207,-0.50
24,01,2003,4.228,4.228,4.228,4.228,-1.88
23,01,2003,4.309,4.309,4.309,4.309,-0.39
22,01,2003,4.326,4.326,4.326,4.326,-0.05
21,01,2003,4.328,4.328,4.328,4.328,-0.05
20,01,2003,4.330,4.330,4.330,4.330,-0.46
17,01,2003,4.350,4.350,4.350,4.350,-2.25
16,01,2003,4.450,4.450,4.450,4.450,-0.29
15,01,2003,4.463,4.463,4.463,4.463,0.11
14,01,2003,4.458,4.458,4.458,4.458,-0.20
13,01,2003,4.467,4.467,4.467,4.467,0.99
10,01,2003,4.423,4.423,4.423,4.423,0.05
09,01,2003,4.421,4.421,4.421,4.421,0.02
08,01,2003,4.420,4.420,4.420,4.420,-1.01
07,01,2003,4.465,4.465,4.465,4.465,-0.25
06,01,2003,4.476,4.476,4.476,4.476,0.00
03,01,2003,4.476,4.476,4.476,4.476,0.47
02,01,2003,4.455,4.455,4.455,4.455,2.09
01,01,2003,4.364,4.364,4.364,4.364,-0.02
31,12,2002,4.365,4.365,4.365,4.365,-0.52
30,12,2002,4.388,4.388,4.388,4.388,-0.07
27,12,2002,4.391,4.391,4.391,4.391,-1.88
26,12,2002,4.475,4.475,4.475,4.475,0.02
25,12,2002,4.474,4.474,4.474,4.474,-0.04
24,12,2002,4.476,4.476,4.476,4.476,0.16
23,12,2002,4.469,4.469,4.469,4.469,-0.31
20,12,2002,4.483,4.483,4.483,4.483,0.38
19,12,2002,4.466,4.466,4.466,4.466,-0.25
18,12,2002,4.477,4.477,4.477,4.477,-1.26
17,12,2002,4.534,4.534,4.534,4.534,0.71
16,12,2002,4.502,4.502,4.502,4.502,-0.29
13,12,2002,4.515,4.515,4.515,4.515,-0.15
12,12,2002,4.522,4.522,4.522,4.522,-0.55
11,12,2002,4.547,4.547,4.547,4.547,-0.31
10,12,2002,4.561,4.561,4.561,4.561,0.29
09,12,2002,4.548,4.548,4.548,4.548,-0.50
06,12,2002,4.571,4.571,4.571,4.571,-0.89
05,12,2002,4.612,4.612,4.612,4.612,-1.01
04,12,2002,4.659,4.659,4.659,4.659,-0.41
03,12,2002,4.678,4.678,4.678,4.678,-0.59
02,12,2002,4.706,4.706,4.706,4.706,0.79
29,11,2002,4.669,4.669,4.669,4.669,-0.17
28,11,2002,4.677,4.677,4.677,4.677,0.09
27,11,2002,4.673,4.673,4.673,4.673,1.52
26,11,2002,4.603,4.603,4.603,4.603,-0.78
25,11,2002,4.639,4.639,4.639,4.639,0.26
22,11,2002,4.627,4.627,4.627,4.627,0.13
21,11,2002,4.621,4.621,4.621,4.621,2.30
20,11,2002,4.517,4.517,4.517,4.517,-0.42
19,11,2002,4.536,4.536,4.536,4.536,-0.33
18,11,2002,4.551,4.551,4.551,4.551,0.09
15,11,2002,4.547,4.547,4.547,4.547,0.07
14,11,2002,4.544,4.544,4.544,4.544,1.11
13,11,2002,4.494,4.494,4.494,4.494,0.58
12,11,2002,4.468,4.468,4.468,4.468,-0.60
11,11,2002,4.495,4.495,4.495,4.495,-0.84
08,11,2002,4.533,4.533,4.533,4.533,-1.44
07,11,2002,4.599,4.599,4.599,4.599,-1.67
06,11,2002,4.677,4.677,4.677,4.677,0.04
05,11,2002,4.675,4.675,4.675,4.675,1.45
04,11,2002,4.608,4.608,4.608,4.608,0.30
01,11,2002,4.594,4.594,4.594,4.594,0.94
31,10,2002,4.551,4.551,4.551,4.551,-1.00
30,10,2002,4.597,4.597,4.597,4.597,0.52
29,10,2002,4.573,4.573,4.573,4.573,-1.00
28,10,2002,4.619,4.619,4.619,4.619,-0.71
25,10,2002,4.652,4.652,4.652,4.652,-0.96
24,10,2002,4.697,4.697,4.697,4.697,0.73
23,10,2002,4.663,4.663,4.663,4.663,-1.42
22,10,2002,4.730,4.730,4.730,4.730,1.20
21,10,2002,4.674,4.674,4.674,4.674,0.15
18,10,2002,4.667,4.667,4.667,4.667,0.19
17,10,2002,4.658,4.658,4.658,4.658,-0.32
16,10,2002,4.673,4.673,4.673,4.673,0.54
15,10,2002,4.648,4.648,4.648,4.648,2.20
14,10,2002,4.548,4.548,4.548,4.548,0.49
11,10,2002,4.526,4.526,4.526,4.526,0.96
10,10,2002,4.483,4.483,4.483,4.483,1.68
09,10,2002,4.409,4.409,4.409,4.409,-0.23
08,10,2002,4.419,4.419,4.419,4.419,-0.16
07,10,2002,4.426,4.426,4.426,4.426,-1.43
04,10,2002,4.490,4.490,4.490,4.490,0.34
03,10,2002,4.475,4.475,4.475,4.475,0.58
02,10,2002,4.449,4.449,4.449,4.449,1.23
01,10,2002,4.395,4.395,4.395,4.395,0.66
30,09,2002,4.366,4.366,4.366,4.366,-1.60
27,09,2002,4.437,4.437,4.437,4.437,-0.02
26,09,2002,4.438,4.438,4.438,4.438,0.59
25,09,2002,4.412,4.412,4.412,4.412,1.19
24,09,2002,4.360,4.360,4.360,4.360,-0.52
23,09,2002,4.383,4.383,4.383,4.383,-0.68
20,09,2002,4.413,4.413,4.413,4.413,1.19
19,09,2002,4.361,4.361,4.361,4.361,-0.89
18,09,2002,4.400,4.400,4.400,4.400,-1.26
17,09,2002,4.456,4.456,4.456,4.456,0.66
16,09,2002,4.427,4.427,4.427,4.427,-1.29
13,09,2002,4.485,4.485,4.485,4.485,-0.51
12,09,2002,4.508,4.508,4.508,4.508,-1.25
11,09,2002,4.565,4.565,4.565,4.565,4.03
10,09,2002,4.388,4.388,4.388,4.388,-1.37
09,09,2002,4.449,4.449,4.449,4.449,0.14
06,09,2002,4.443,4.443,4.443,4.443,-0.31
05,09,2002,4.457,4.457,4.457,4.457,-0.27
04,09,2002,4.469,4.469,4.469,4.469,-0.02
03,09,2002,4.470,4.470,4.470,4.470,-1.74
02,09,2002,4.549,4.549,4.549,4.549,-1.41
30,08,2002,4.614,4.614,4.614,4.614,0.39
29,08,2002,4.596,4.596,4.596,4.596,-0.50
28,08,2002,4.619,4.619,4.619,4.619,-1.53
27,08,2002,4.691,4.691,4.691,4.691,-0.45
26,08,2002,4.712,4.712,4.712,4.712,0.11
23,08,2002,4.707,4.707,4.707,4.707,-0.80
22,08,2002,4.745,4.745,4.745,4.745,1.09
21,08,2002,4.694,4.694,4.694,4.694,1.36
20,08,2002,4.631,4.631,4.631,4.631,-0.90
19,08,2002,4.673,4.673,4.673,4.673,0.24
16,08,2002,4.662,4.662,4.662,4.662,0.11
15,08,2002,4.657,4.657,4.657,4.657,2.89
14,08,2002,4.526,4.526,4.526,4.526,-1.50
13,08,2002,4.595,4.595,4.595,4.595,-0.35
12,08,2002,4.611,4.611,4.611,4.611,-0.60
09,08,2002,4.639,4.639,4.639,4.639,-0.56
08,08,2002,4.665,4.665,4.665,4.665,0.78
07,08,2002,4.629,4.629,4.629,4.629,-1.43
06,08,2002,4.696,4.696,4.696,4.696,0.66
05,08,2002,4.665,4.665,4.665,4.665,-1.91
02,08,2002,4.756,4.756,4.756,4.756,-0.75
01,08,2002,4.792,4.792,4.792,4.792,-1.24
31,07,2002,4.852,4.852,4.852,4.852,-0.76
30,07,2002,4.889,4.889,4.889,4.889,-0.04
29,07,2002,4.891,4.891,4.891,4.891,1.05
26,07,2002,4.840,4.840,4.840,4.840,0.00
25,07,2002,4.840,4.840,4.840,4.840,0.48
24,07,2002,4.817,4.817,4.817,4.817,-1.59
23,07,2002,4.895,4.895,4.895,4.895,0.45
22,07,2002,4.873,4.873,4.873,4.873,-0.53
19,07,2002,4.899,4.899,4.899,4.899,-0.83
18,07,2002,4.940,4.940,4.940,4.940,-0.24
17,07,2002,4.952,4.952,4.952,4.952,1.04
16,07,2002,4.901,4.901,4.901,4.901,0.18
15,07,2002,4.892,4.892,4.892,4.892,-0.57
12,07,2002,4.920,4.920,4.920,4.920,-0.77
11,07,2002,4.958,4.958,4.958,4.958,-1.45
10,07,2002,5.031,5.031,5.031,5.031,-1.31
09,07,2002,5.098,5.098,5.098,5.098,-0.04
08,07,2002,5.100,5.100,5.100,5.100,0.20
05,07,2002,5.090,5.090,5.090,5.090,1.09
04,07,2002,5.035,5.035,5.035,5.035,0.58
03,07,2002,5.006,5.006,5.006,5.006,0.22
02,07,2002,4.995,4.995,4.995,4.995,-0.24
01,07,2002,5.007,5.007,5.007,5.007,0.10
28,06,2002,5.002,5.002,5.002,5.002,1.23
27,06,2002,4.941,4.941,4.941,4.941,-0.06
26,06,2002,4.944,4.944,4.944,4.944,-1.73
25,06,2002,5.031,5.031,5.031,5.031,1.51
24,06,2002,4.956,4.956,4.956,4.956,-1.20
21,06,2002,5.016,5.016,5.016,5.016,0.12
20,06,2002,5.010,5.010,5.010,5.010,0.72
19,06,2002,4.974,4.974,4.974,4.974,-0.40
18,06,2002,4.994,4.994,4.994,4.994,-0.52
17,06,2002,5.020,5.020,5.020,5.020,0.16
14,06,2002,5.012,5.012,5.012,5.012,-1.28
13,06,2002,5.077,5.077,5.077,5.077,-2.20
12,06,2002,5.191,5.191,5.191,5.191,-0.38
11,06,2002,5.211,5.211,5.211,5.211,0.42
10,06,2002,5.189,5.189,5.189,5.189,-0.50
07,06,2002,5.215,5.215,5.215,5.215,0.19
06,06,2002,5.205,5.205,5.205,5.205,-0.15
05,06,2002,5.213,5.213,5.213,5.213,-0.82
04,06,2002,5.256,5.256,5.256,5.256,-0.02
03,06,2002,5.257,5.257,5.257,5.257,0.00
31,05,2002,5.257,5.257,5.257,5.257,0.46
30,05,2002,5.233,5.233,5.233,5.233,-0.23
29,05,2002,5.245,5.245,5.245,5.245,-0.34
28,05,2002,5.263,5.263,5.263,5.263,-0.53
27,05,2002,5.291,5.291,5.291,5.291,0.86
24,05,2002,5.246,5.246,5.246,5.246,0.15
23,05,2002,5.238,5.238,5.238,5.238,-0.08
22,05,2002,5.242,5.242,5.242,5.242,-0.25
21,05,2002,5.255,5.255,5.255,5.255,-0.13
20,05,2002,5.262,5.262,5.262,5.262,-1.35
17,05,2002,5.334,5.334,5.334,5.334,0.79
16,05,2002,5.292,5.292,5.292,5.292,-0.23
15,05,2002,5.304,5.304,5.304,5.304,0.06
14,05,2002,5.301,5.301,5.301,5.301,0.61
13,05,2002,5.269,5.269,5.269,5.269,0.30
10,05,2002,5.253,5.253,5.253,5.253,0.31
09,05,2002,5.237,5.237,5.237,5.237,0.63
08,05,2002,5.204,5.204,5.204,5.204,0.97
07,05,2002,5.154,5.154,5.154,5.154,-0.17
03,05,2002,5.163,5.163,5.163,5.163,-1.00
02,05,2002,5.215,5.215,5.215,5.215,1.34
01,05,2002,5.146,5.146,5.146,5.146,-0.75
30,04,2002,5.185,5.185,5.185,5.185,-0.08
29,04,2002,5.189,5.189,5.189,5.189,1.11
26,04,2002,5.132,5.132,5.132,5.132,-0.85
25,04,2002,5.176,5.176,5.176,5.176,-0.92
24,04,2002,5.224,5.224,5.224,5.224,-0.67
23,04,2002,5.259,5.259,5.259,5.259,0.71
22,04,2002,5.222,5.222,5.222,5.222,-0.76
19,04,2002,5.262,5.262,5.262,5.262,0.11
18,04,2002,5.256,5.256,5.256,5.256,0.44
17,04,2002,5.233,5.233,5.233,5.233,0.25
16,04,2002,5.220,5.220,5.220,5.220,1.52
15,04,2002,5.142,5.142,5.142,5.142,-0.48
12,04,2002,5.167,5.167,5.167,5.167,-0.19
11,04,2002,5.177,5.177,5.177,5.177,-1.15
10,04,2002,5.237,5.237,5.237,5.237,0.38
09,04,2002,5.217,5.217,5.217,5.217,0.29
08,04,2002,5.202,5.202,5.202,5.202,0.08
05,04,2002,5.198,5.198,5.198,5.198,0.46
04,04,2002,5.174,5.174,5.174,5.174,-0.92
03,04,2002,5.222,5.222,5.222,5.222,-1.15
02,04,2002,5.283,5.283,5.283,5.283,-0.15
29,03,2002,5.291,5.291,5.291,5.291,0.02
28,03,2002,5.290,5.290,5.290,5.290,1.17
27,03,2002,5.229,5.229,5.229,5.229,-1.21
26,03,2002,5.293,5.293,5.293,5.293,-0.58
25,03,2002,5.324,5.324,5.324,5.324,0.45
22,03,2002,5.300,5.300,5.300,5.300,0.13
21,03,2002,5.293,5.293,5.293,5.293,0.44
20,03,2002,5.270,5.270,5.270,5.270,0.59
19,03,2002,5.239,5.239,5.239,5.239,0.38
18,03,2002,5.219,5.219,5.219,5.219,-0.53
15,03,2002,5.247,5.247,5.247,5.247,-0.17
14,03,2002,5.256,5.256,5.256,5.256,0.73
13,03,2002,5.218,5.218,5.218,5.218,0.56
12,03,2002,5.189,5.189,5.189,5.189,0.08
11,03,2002,5.185,5.185,5.185,5.185,-0.48
08,03,2002,5.210,5.210,5.210,5.210,-0.10
07,03,2002,5.215,5.215,5.215,5.215,1.01
06,03,2002,5.163,5.163,5.163,5.163,1.12
05,03,2002,5.106,5.106,5.106,5.106,1.29
04,03,2002,5.041,5.041,5.041,5.041,0.04
01,03,2002,5.039,5.039,5.039,5.039,1.14
28,02,2002,4.982,4.982,4.982,4.982,0.08
27,02,2002,4.978,4.978,4.978,4.978,-0.14
26,02,2002,4.985,4.985,4.985,4.985,0.69
25,02,2002,4.951,4.951,4.951,4.951,0.47
22,02,2002,4.928,4.928,4.928,4.928,-0.94
21,02,2002,4.975,4.975,4.975,4.975,0.59
20,02,2002,4.946,4.946,4.946,4.946,0.28
19,02,2002,4.932,4.932,4.932,4.932,0.43
18,02,2002,4.911,4.911,4.911,4.911,-0.12
15,02,2002,4.917,4.917,4.917,4.917,-1.27
14,02,2002,4.980,4.980,4.980,4.980,-0.82
13,02,2002,5.021,5.021,5.021,5.021,-0.08
12,02,2002,5.025,5.025,5.025,5.025,1.64
11,02,2002,4.944,4.944,4.944,4.944,0.06
08,02,2002,4.941,4.941,4.941,4.941,-0.18
07,02,2002,4.950,4.950,4.950,4.950,2.48
06,02,2002,4.830,4.830,4.830,4.830,0.86
05,02,2002,4.789,4.789,4.789,4.789,-0.46
04,02,2002,4.811,4.811,4.811,4.811,-1.07
01,02,2002,4.863,4.863,4.863,4.863,-0.31
31,01,2002,4.878,4.878,4.878,4.878,-0.97
30,01,2002,4.926,4.926,4.926,4.926,-0.95
29,01,2002,4.973,4.973,4.973,4.973,-0.58
28,01,2002,5.002,5.002,5.002,5.002,-0.10
25,01,2002,5.007,5.007,5.007,5.007,1.93
24,01,2002,4.912,4.912,4.912,4.912,1.66
23,01,2002,4.832,4.832,4.832,4.832,-0.47
22,01,2002,4.855,4.855,4.855,4.855,1.08
21,01,2002,4.803,4.803,4.803,4.803,-0.91
18,01,2002,4.847,4.847,4.847,4.847,0.58
17,01,2002,4.819,4.819,4.819,4.819,0.25
16,01,2002,4.807,4.807,4.807,4.807,-0.64
15,01,2002,4.838,4.838,4.838,4.838,-0.08
14,01,2002,4.842,4.842,4.842,4.842,-1.12
11,01,2002,4.897,4.897,4.897,4.897,-0.22
10,01,2002,4.908,4.908,4.908,4.908,-0.85
09,01,2002,4.950,4.950,4.950,4.950,0.88
08,01,2002,4.907,4.907,4.907,4.907,0.18
07,01,2002,4.898,4.898,4.898,4.898,-1.67
04,01,2002,4.981,4.981,4.981,4.981,0.91
03,01,2002,4.936,4.936,4.936,4.936,-0.86
02,01,2002,4.979,4.979,4.979,4.979,-1.44
31,12,2001,5.052,5.052,5.052,5.052,0.60
28,12,2001,5.022,5.022,5.022,5.022,0.82
27,12,2001,4.981,4.981,4.981,4.981,2.55
26,12,2001,4.857,4.857,4.857,4.857,0.33
24,12,2001,4.841,4.841,4.841,4.841,-0.88
21,12,2001,4.884,4.884,4.884,4.884,0.97
20,12,2001,4.837,4.837,4.837,4.837,0.37
19,12,2001,4.819,4.819,4.819,4.819,-0.82
18,12,2001,4.859,4.859,4.859,4.859,-0.12
17,12,2001,4.865,4.865,4.865,4.865,1.21
14,12,2001,4.807,4.807,4.807,4.807,0.19
13,12,2001,4.798,4.798,4.798,4.798,0.23
12,12,2001,4.787,4.787,4.787,4.787,-2.21
11,12,2001,4.895,4.895,4.895,4.895,-0.89
10,12,2001,4.939,4.939,4.939,4.939,-0.50
07,12,2001,4.964,4.964,4.964,4.964,2.52
06,12,2001,4.842,4.842,4.842,4.842,1.79
05,12,2001,4.757,4.757,4.757,4.757,3.17
04,12,2001,4.611,4.611,4.611,4.611,-0.13
03,12,2001,4.617,4.617,4.617,4.617,-0.69
30,11,2001,4.649,4.649,4.649,4.649,-0.70
29,11,2001,4.682,4.682,4.682,4.682,-0.66
28,11,2001,4.713,4.713,4.713,4.713,-1.03
27,11,2001,4.762,4.762,4.762,4.762,2.04
26,11,2001,4.667,4.667,4.667,4.667,-0.62
23,11,2001,4.696,4.696,4.696,4.696,-0.47
22,11,2001,4.718,4.718,4.718,4.718,0.11
21,11,2001,4.713,4.713,4.713,4.713,1.31
20,11,2001,4.652,4.652,4.652,4.652,-0.11
19,11,2001,4.657,4.657,4.657,4.657,-0.30
16,11,2001,4.671,4.671,4.671,4.671,0.17
15,11,2001,4.663,4.663,4.663,4.663,2.12
14,11,2001,4.566,4.566,4.566,4.566,1.65
13,11,2001,4.492,4.492,4.492,4.492,2.63
12,11,2001,4.377,4.377,4.377,4.377,-0.25
09,11,2001,4.388,4.388,4.388,4.388,0.05
08,11,2001,4.386,4.386,4.386,4.386,0.00
07,11,2001,4.386,4.386,4.386,4.386,-0.88
06,11,2001,4.425,4.425,4.425,4.425,-0.09
05,11,2001,4.429,4.429,4.429,4.429,-1.47
02,11,2001,4.495,4.495,4.495,4.495,1.15
01,11,2001,4.444,4.444,4.444,4.444,-1.81
31,10,2001,4.526,4.526,4.526,4.526,-0.64
30,10,2001,4.555,4.555,4.555,4.555,-1.66
29,10,2001,4.632,4.632,4.632,4.632,-1.15
26,10,2001,4.686,4.686,4.686,4.686,0.21
25,10,2001,4.676,4.676,4.676,4.676,-1.10
24,10,2001,4.728,4.728,4.728,4.728,-1.44
23,10,2001,4.797,4.797,4.797,4.797,0.44
22,10,2001,4.776,4.776,4.776,4.776,-0.19
19,10,2001,4.785,4.785,4.785,4.785,-0.27
18,10,2001,4.798,4.798,4.798,4.798,-0.06
17,10,2001,4.801,4.801,4.801,4.801,0.25
16,10,2001,4.789,4.789,4.789,4.789,-0.06
15,10,2001,4.792,4.792,4.792,4.792,-1.24
12,10,2001,4.852,4.852,4.852,4.852,-0.27
11,10,2001,4.865,4.865,4.865,4.865,1.19
10,10,2001,4.808,4.808,4.808,4.808,1.01
09,10,2001,4.760,4.760,4.760,4.760,1.54
08,10,2001,4.688,4.688,4.688,4.688,-1.18
05,10,2001,4.744,4.744,4.744,4.744,-0.17
04,10,2001,4.752,4.752,4.752,4.752,-0.19
03,10,2001,4.761,4.761,4.761,4.761,-1.51
02,10,2001,4.834,4.834,4.834,4.834,-0.94
01,10,2001,4.880,4.880,4.880,4.880,0.21
28,09,2001,4.870,4.870,4.870,4.870,0.41
27,09,2001,4.850,4.850,4.850,4.850,-0.29
26,09,2001,4.864,4.864,4.864,4.864,-1.08
25,09,2001,4.917,4.917,4.917,4.917,-0.22
24,09,2001,4.928,4.928,4.928,4.928,0.76
21,09,2001,4.891,4.891,4.891,4.891,0.06
20,09,2001,4.888,4.888,4.888,4.888,0.14
19,09,2001,4.881,4.881,4.881,4.881,0.64
18,09,2001,4.850,4.850,4.850,4.850,0.43
17,09,2001,4.829,4.829,4.829,4.829,0.90
14,09,2001,4.786,4.786,4.786,4.786,-1.50
13,09,2001,4.859,4.859,4.859,4.859,0.50
12,09,2001,4.835,4.835,4.835,4.835,-0.23
11,09,2001,4.846,4.846,4.846,4.846,-1.02
10,09,2001,4.896,4.896,4.896,4.896,0.06
07,09,2001,4.893,4.893,4.893,4.893,-1.59
06,09,2001,4.972,4.972,4.972,4.972,-0.76
05,09,2001,5.010,5.010,5.010,5.010,0.46
04,09,2001,4.987,4.987,4.987,4.987,3.08
03,09,2001,4.838,4.838,4.838,4.838,0.02
31,08,2001,4.837,4.837,4.837,4.837,1.02
30,08,2001,4.788,4.788,4.788,4.788,-0.50
29,08,2001,4.812,4.812,4.812,4.812,0.15
28,08,2001,4.805,4.805,4.805,4.805,-1.94
27,08,2001,4.900,4.900,4.900,4.900,0.06
24,08,2001,4.897,4.897,4.897,4.897,0.74
23,08,2001,4.861,4.861,4.861,4.861,-0.23
22,08,2001,4.872,4.872,4.872,4.872,0.50
21,08,2001,4.848,4.848,4.848,4.848,0.31
20,08,2001,4.833,4.833,4.833,4.833,0.58
17,08,2001,4.805,4.805,4.805,4.805,-1.50
16,08,2001,4.878,4.878,4.878,4.878,-0.63
15,08,2001,4.909,4.909,4.909,4.909,0.78
14,08,2001,4.871,4.871,4.871,4.871,1.29
13,08,2001,4.809,4.809,4.809,4.809,0.08
10,08,2001,4.805,4.805,4.805,4.805,-0.81
09,08,2001,4.844,4.844,4.844,4.844,-1.44
08,08,2001,4.915,4.915,4.915,4.915,-1.25
07,08,2001,4.977,4.977,4.977,4.977,-0.34
06,08,2001,4.994,4.994,4.994,4.994,-0.77
03,08,2001,5.033,5.033,5.033,5.033,-0.65
02,08,2001,5.066,5.066,5.066,5.066,0.84
01,08,2001,5.024,5.024,5.024,5.024,0.64
31,07,2001,4.992,4.992,4.992,4.992,-0.36
30,07,2001,5.010,5.010,5.010,5.010,-0.36
27,07,2001,5.028,5.028,5.028,5.028,-0.61
26,07,2001,5.059,5.059,5.059,5.059,-0.10
25,07,2001,5.064,5.064,5.064,5.064,0.20
24,07,2001,5.054,5.054,5.054,5.054,0.06
23,07,2001,5.051,5.051,5.051,5.051,-0.12
20,07,2001,5.057,5.057,5.057,5.057,-1.27
19,07,2001,5.122,5.122,5.122,5.122,0.57
18,07,2001,5.093,5.093,5.093,5.093,-0.66
17,07,2001,5.127,5.127,5.127,5.127,-0.02
16,07,2001,5.128,5.128,5.128,5.128,-0.43
13,07,2001,5.150,5.150,5.150,5.150,0.80
12,07,2001,5.109,5.109,5.109,5.109,0.47
11,07,2001,5.085,5.085,5.085,5.085,-1.51
10,07,2001,5.163,5.163,5.163,5.163,-0.65
09,07,2001,5.197,5.197,5.197,5.197,0.83
06,07,2001,5.154,5.154,5.154,5.154,-2.37
05,07,2001,5.279,5.279,5.279,5.279,-0.13
04,07,2001,5.286,5.286,5.286,5.286,-0.41
03,07,2001,5.308,5.308,5.308,5.308,0.34
02,07,2001,5.290,5.290,5.290,5.290,0.11
29,06,2001,5.284,5.284,5.284,5.284,0.90
28,06,2001,5.237,5.237,5.237,5.237,1.75
27,06,2001,5.147,5.147,5.147,5.147,0.63
26,06,2001,5.115,5.115,5.115,5.115,0.75
25,06,2001,5.077,5.077,5.077,5.077,-0.53
22,06,2001,5.104,5.104,5.104,5.104,-1.47
21,06,2001,5.180,5.180,5.180,5.180,0.68
20,06,2001,5.145,5.145,5.145,5.145,0.35
19,06,2001,5.127,5.127,5.127,5.127,0.23
18,06,2001,5.115,5.115,5.115,5.115,0.02
15,06,2001,5.114,5.114,5.114,5.114,-0.43
14,06,2001,5.136,5.136,5.136,5.136,-1.23
13,06,2001,5.200,5.200,5.200,5.200,-0.42
12,06,2001,5.222,5.222,5.222,5.222,1.83
11,06,2001,5.128,5.128,5.128,5.128,-0.54
08,06,2001,5.156,5.156,5.156,5.156,0.49
07,06,2001,5.131,5.131,5.131,5.131,0.85
06,06,2001,5.088,5.088,5.088,5.088,0.24
05,06,2001,5.076,5.076,5.076,5.076,-1.28
04,06,2001,5.142,5.142,5.142,5.142,0.29
01,06,2001,5.127,5.127,5.127,5.127,-1.67
31,05,2001,5.214,5.214,5.214,5.214,0.10
30,05,2001,5.209,5.209,5.209,5.209,0.04
29,05,2001,5.207,5.207,5.207,5.207,-0.53
28,05,2001,5.235,5.235,5.235,5.235,0.04
25,05,2001,5.233,5.233,5.233,5.233,0.69
24,05,2001,5.197,5.197,5.197,5.197,0.35
23,05,2001,5.179,5.179,5.179,5.179,0.99
22,05,2001,5.128,5.128,5.128,5.128,0.16
21,05,2001,5.120,5.120,5.120,5.120,0.23
18,05,2001,5.108,5.108,5.108,5.108,0.91
17,05,2001,5.062,5.062,5.062,5.062,0.28
16,05,2001,5.048,5.048,5.048,5.048,-1.02
15,05,2001,5.100,5.100,5.100,5.100,0.08
14,05,2001,5.096,5.096,5.096,5.096,1.25
11,05,2001,5.033,5.033,5.033,5.033,1.06
10,05,2001,4.980,4.980,4.980,4.980,0.52
09,05,2001,4.954,4.954,4.954,4.954,-0.54
08,05,2001,4.981,4.981,4.981,4.981,-0.20
04,05,2001,4.991,4.991,4.991,4.991,-0.76
03,05,2001,5.029,5.029,5.029,5.029,-0.51
02,05,2001,5.055,5.055,5.055,5.055,-0.53
01,05,2001,5.082,5.082,5.082,5.082,-0.65
30,04,2001,5.115,5.115,5.115,5.115,1.25
27,04,2001,5.052,5.052,5.052,5.052,1.08
26,04,2001,4.998,4.998,4.998,4.998,-0.91
25,04,2001,5.044,5.044,5.044,5.044,0.62
24,04,2001,5.013,5.013,5.013,5.013,-0.02
23,04,2001,5.014,5.014,5.014,5.014,-0.95
20,04,2001,5.062,5.062,5.062,5.062,-0.41
19,04,2001,5.083,5.083,5.083,5.083,0.77
18,04,2001,5.044,5.044,5.044,5.044,1.47
17,04,2001,4.971,4.971,4.971,4.971,0.46
13,04,2001,4.948,4.948,4.948,4.948,0.16
12,04,2001,4.940,4.940,4.940,4.940,1.23
11,04,2001,4.880,4.880,4.880,4.880,1.96
10,04,2001,4.786,4.786,4.786,4.786,-0.21
09,04,2001,4.796,4.796,4.796,4.796,-0.02
06,04,2001,4.797,4.797,4.797,4.797,-1.15
05,04,2001,4.853,4.853,4.853,4.853,0.25
04,04,2001,4.841,4.841,4.841,4.841,0.71
03,04,2001,4.807,4.807,4.807,4.807,-0.64
02,04,2001,4.838,4.838,4.838,4.838,-0.21
30,03,2001,4.848,4.848,4.848,4.848,0.33
29,03,2001,4.832,4.832,4.832,4.832,1.24
28,03,2001,4.773,4.773,4.773,4.773,0.15
27,03,2001,4.766,4.766,4.766,4.766,1.15
26,03,2001,4.712,4.712,4.712,4.712,0.83
23,03,2001,4.673,4.673,4.673,4.673,1.08
22,03,2001,4.623,4.623,4.623,4.623,-1.41
21,03,2001,4.689,4.689,4.689,4.689,0.17
20,03,2001,4.681,4.681,4.681,4.681,1.04
19,03,2001,4.633,4.633,4.633,4.633,-0.15
16,03,2001,4.640,4.640,4.640,4.640,-1.42
15,03,2001,4.707,4.707,4.707,4.707,-0.88
14,03,2001,4.749,4.749,4.749,4.749,-1.82
13,03,2001,4.837,4.837,4.837,4.837,0.12
12,03,2001,4.831,4.831,4.831,4.831,-0.14
09,03,2001,4.838,4.838,4.838,4.838,0.00
08,03,2001,4.838,4.838,4.838,4.838,-0.58
07,03,2001,4.866,4.866,4.866,4.866,0.14
06,03,2001,4.859,4.859,4.859,4.859,0.04
05,03,2001,4.857,4.857,4.857,4.857,0.56
02,03,2001,4.830,4.830,4.830,4.830,-0.02
01,03,2001,4.831,4.831,4.831,4.831,-0.80
28,02,2001,4.870,4.870,4.870,4.870,-0.59
27,02,2001,4.899,4.899,4.899,4.899,-1.45
26,02,2001,4.971,4.971,4.971,4.971,0.00
23,02,2001,4.971,4.971,4.971,4.971,-0.20
22,02,2001,4.981,4.981,4.981,4.981,0.44
21,02,2001,4.959,4.959,4.959,4.959,0.45
20,02,2001,4.937,4.937,4.937,4.937,0.06
19,02,2001,4.934,4.934,4.934,4.934,-0.16
16,02,2001,4.942,4.942,4.942,4.942,-0.12
15,02,2001,4.948,4.948,4.948,4.948,0.71
14,02,2001,4.913,4.913,4.913,4.913,1.40
13,02,2001,4.845,4.845,4.845,4.845,0.06
12,02,2001,4.842,4.842,4.842,4.842,0.19
09,02,2001,4.833,4.833,4.833,4.833,-0.66
08,02,2001,4.865,4.865,4.865,4.865,1.21
07,02,2001,4.807,4.807,4.807,4.807,-0.68
06,02,2001,4.840,4.840,4.840,4.840,-0.02
05,02,2001,4.841,4.841,4.841,4.841,-0.19
02,02,2001,4.850,4.850,4.850,4.850,0.12
01,02,2001,4.844,4.844,4.844,4.844,0.23
31,01,2001,4.833,4.833,4.833,4.833,-1.29
30,01,2001,4.896,4.896,4.896,4.896,0.00
29,01,2001,4.896,4.896,4.896,4.896,0.08
26,01,2001,4.892,4.892,4.892,4.892,-1.05
25,01,2001,4.944,4.944,4.944,4.944,0.10
24,01,2001,4.939,4.939,4.939,4.939,-0.44
23,01,2001,4.961,4.961,4.961,4.961,-0.20
22,01,2001,4.971,4.971,4.971,4.971,0.89
19,01,2001,4.927,4.927,4.927,4.927,-0.02
18,01,2001,4.928,4.928,4.928,4.928,-0.32
17,01,2001,4.944,4.944,4.944,4.944,0.02
16,01,2001,4.943,4.943,4.943,4.943,0.67
15,01,2001,4.910,4.910,4.910,4.910,-0.22
12,01,2001,4.921,4.921,4.921,4.921,1.69
11,01,2001,4.839,4.839,4.839,4.839,-0.12
10,01,2001,4.845,4.845,4.845,4.845,-0.31
09,01,2001,4.860,4.860,4.860,4.860,1.29
08,01,2001,4.798,4.798,4.798,4.798,0.29
05,01,2001,4.784,4.784,4.784,4.784,0.02
04,01,2001,4.783,4.783,4.783,4.783,1.27
03,01,2001,4.723,4.723,4.723,4.723,-1.11
